order_id,customer_id,order_date,product_id,quantity,unit_price,discount,total_amount,status,payment_method
O1529,C050,2023-04-13,P005,1,710,15.0,603.5,Processing,Bank Transfer
O8837,C027,2023-04-24,P033,2,2042,10.0,3675.6,Delivered,PayPal
O1899,C069,2023-05-28,P044,4,2277,10.0,8197.2,Processing,Credit Card
O1557,C081,2023-02-13,P047,5,2253,5.0,10701.75,Delivered,PayPal
O8799,C068,2023-08-12,P029,2,133,0.0,266.0,Canceled,PayPal
O7316,C025,2023-11-21,P006,3,2650,5.0,7552.5,Processing,Bank Transfer
O9112,C037,2023-03-27,P007,5,2281,10.0,10264.5,Delivered,PayPal
O3090,C044,2023-01-13,P035,2,432,5.0,820.8,Canceled,PayPal
O4864,C036,2023-08-17,P020,1,1296,15.0,1101.6,Canceled,PayPal
O4557,C008,2023-10-11,P046,3,1476,15.0,3763.8,Delivered,PayPal
O3420,C036,2023-04-01,P008,5,2588,0.0,12940.0,Delivered,Credit Card
O5596,C062,2023-04-06,P021,4,2757,0.0,11028.0,Processing,Bank Transfer
O8370,C084,2023-05-20,P042,1,492,10.0,442.8,Processing,Credit Card
O9616,C049,2023-07-07,P036,4,1660,5.0,6308.0,Delivered,Bank Transfer
O1887,C072,2023-06-20,P031,5,2134,15.0,9069.5,Delivered,Debit Card
O8714,C065,2023-04-07,P008,1,2588,0.0,2588.0,Delivered,Credit Card
O5911,C045,2023-12-26,P002,5,2426,15.0,10310.5,Canceled,PayPal
O8067,C087,2023-02-07,P009,1,1877,5.0,1783.15,Delivered,Bank Transfer
O6164,C044,2023-12-24,P036,2,1660,10.0,2988.0,Canceled,Credit Card
O9691,C087,2023-04-10,P032,3,137,5.0,390.45,Delivered,Bank Transfer
O2944,C070,2023-06-01,P046,3,1476,15.0,3763.8,Canceled,Bank Transfer
O1299,C026,2023-12-08,P001,3,161,10.0,434.7,Processing,Debit Card
O4371,C083,2023-11-13,P029,4,133,5.0,505.4,Delivered,PayPal
O3723,C022,2023-06-20,P019,1,687,0.0,687.0,Processing,Debit Card
O3031,C072,2023-08-02,P049,3,1719,15.0,4383.45,Processing,PayPal
O2353,C053,2023-05-22,P045,2,905,10.0,1629.0,Processing,Bank Transfer
O6408,C019,2023-04-26,P044,3,2277,10.0,6147.9,Processing,Bank Transfer
O6104,C022,2023-08-21,P023,5,2267,5.0,10768.25,Delivered,PayPal
O7644,C043,2023-02-05,P002,2,2426,0.0,4852.0,Canceled,Bank Transfer
O8041,C052,2023-02-23,P011,1,2572,5.0,2443.4,Delivered,PayPal
O7603,C016,2023-06-30,P003,3,2003,10.0,5408.1,Delivered,PayPal
O3458,C033,2023-03-23,P039,3,2093,15.0,5337.15,Canceled,Debit Card
O3318,C020,2023-10-22,P014,2,1317,5.0,2502.3,Canceled,PayPal
O6557,C057,2023-07-17,P011,5,2572,15.0,10931.0,Delivered,Debit Card
O6641,C081,2023-05-31,P022,4,1146,10.0,4125.6,Processing,Debit Card
O3991,C027,2023-08-11,P014,1,1317,0.0,1317.0,Canceled,PayPal
O3220,C047,2023-11-13,P034,3,933,10.0,2519.1,Processing,PayPal
O4082,C019,2023-05-24,P004,3,986,15.0,2514.3,Processing,Debit Card
O2066,C095,2023-07-02,P002,2,2426,0.0,4852.0,Delivered,Bank Transfer
O8353,C093,2023-04-15,P030,5,2627,10.0,11821.5,Processing,Debit Card
O2190,C033,2023-02-02,P024,3,294,15.0,749.7,Canceled,Bank Transfer
O5055,C091,2023-03-01,P045,2,905,15.0,1538.5,Processing,PayPal
O4617,C042,2023-01-26,P006,5,2650,15.0,11262.5,Canceled,Credit Card
O9876,C098,2023-08-22,P035,5,432,15.0,1836.0,Processing,Credit Card
O7279,C012,2023-02-01,P009,2,1877,10.0,3378.6,Processing,Bank Transfer
O9747,C066,2023-04-12,P017,2,2777,0.0,5554.0,Canceled,Bank Transfer
O7141,C022,2023-11-16,P021,1,2757,0.0,2757.0,Processing,Debit Card
O8698,C072,2023-08-26,P045,4,905,0.0,3620.0,Delivered,Debit Card
O6116,C025,2023-10-01,P040,3,2007,15.0,5117.85,Processing,PayPal
O2487,C035,2023-01-07,P023,5,2267,0.0,11335.0,Canceled,Credit Card
O4353,C025,2023-07-22,P042,2,492,0.0,984.0,Processing,Debit Card
O4854,C088,2023-02-01,P008,2,2588,5.0,4917.2,Canceled,PayPal
O8750,C074,2023-01-16,P011,4,2572,15.0,8744.8,Delivered,Debit Card
O5248,C042,2023-10-31,P017,2,2777,0.0,5554.0,Delivered,Bank Transfer
O6476,C023,2023-04-18,P036,3,1660,0.0,4980.0,Processing,Credit Card
O8646,C020,2023-11-10,P029,1,133,0.0,133.0,Processing,Debit Card
O2124,C077,2023-06-28,P033,4,2042,10.0,7351.2,Canceled,PayPal
O2819,C092,2023-06-10,P049,5,1719,10.0,7735.5,Delivered,Credit Card
O5574,C056,2023-03-16,P048,2,2673,5.0,5078.7,Processing,Bank Transfer
O1875,C067,2023-08-15,P009,2,1877,5.0,3566.3,Delivered,Credit Card
O4137,C040,2023-08-22,P024,3,294,10.0,793.8,Canceled,Bank Transfer
O6071,C085,2023-07-19,P042,4,492,5.0,1869.6,Canceled,Bank Transfer
O8613,C006,2023-08-25,P001,4,161,5.0,611.8,Canceled,Debit Card
O8103,C081,2023-11-07,P020,4,1296,15.0,4406.4,Delivered,Debit Card
O8387,C038,2023-03-06,P041,3,871,5.0,2482.35,Processing,PayPal
O2355,C088,2023-01-01,P041,2,871,5.0,1654.9,Processing,Debit Card
O6361,C018,2023-07-26,P032,1,137,5.0,130.15,Processing,Bank Transfer
O2022,C083,2023-02-05,P009,4,1877,15.0,6381.8,Canceled,Credit Card
O5629,C069,2023-11-15,P049,3,1719,5.0,4899.15,Delivered,Credit Card
O9419,C035,2023-10-27,P033,4,2042,10.0,7351.2,Canceled,Credit Card
O4115,C082,2023-12-04,P040,2,2007,5.0,3813.3,Canceled,Credit Card
O3052,C087,2023-01-07,P015,1,2419,10.0,2177.1,Processing,Credit Card
O6816,C060,2023-10-25,P010,5,290,15.0,1232.5,Delivered,Debit Card
O2334,C052,2023-10-24,P011,1,2572,5.0,2443.4,Canceled,Debit Card
O8271,C089,2023-08-23,P029,5,133,0.0,665.0,Delivered,Credit Card
O8060,C012,2023-12-28,P027,2,2923,0.0,5846.0,Canceled,Debit Card
O3442,C051,2023-08-10,P044,1,2277,0.0,2277.0,Canceled,Debit Card
O5866,C092,2023-06-06,P010,1,290,15.0,246.5,Canceled,Credit Card
O1051,C051,2023-12-29,P003,4,2003,10.0,7210.8,Delivered,Debit Card
O6067,C036,2023-11-02,P029,3,133,15.0,339.15,Canceled,Bank Transfer
O3130,C094,2023-04-01,P012,5,2153,0.0,10765.0,Canceled,Debit Card
O8179,C063,2023-07-30,P008,2,2588,5.0,4917.2,Canceled,Debit Card
O1192,C056,2023-01-18,P011,2,2572,10.0,4629.6,Canceled,Bank Transfer
O5362,C024,2023-06-21,P010,5,290,15.0,1232.5,Delivered,Debit Card
O9028,C069,2023-01-30,P024,4,294,15.0,999.6,Processing,Bank Transfer
O8412,C005,2023-01-08,P008,5,2588,0.0,12940.0,Delivered,Bank Transfer
O4940,C014,2023-12-13,P022,2,1146,0.0,2292.0,Delivered,Debit Card
O9255,C094,2023-08-27,P037,2,2661,5.0,5055.9,Delivered,Bank Transfer
O3308,C048,2023-05-10,P015,1,2419,10.0,2177.1,Canceled,Debit Card
O3881,C094,2023-03-14,P050,5,659,10.0,2965.5,Delivered,Bank Transfer
O2827,C015,2023-08-31,P033,5,2042,15.0,8678.5,Delivered,Credit Card
O4909,C064,2023-03-02,P028,2,852,15.0,1448.4,Processing,Bank Transfer
O1383,C020,2023-03-26,P004,4,986,15.0,3352.4,Delivered,PayPal
O2934,C089,2023-05-12,P012,2,2153,5.0,4090.7,Canceled,Debit Card
O4594,C063,2023-11-05,P028,3,852,15.0,2172.6,Delivered,Debit Card
O8218,C074,2023-02-20,P024,2,294,0.0,588.0,Delivered,PayPal
O6609,C031,2023-01-18,P031,2,2134,5.0,4054.6,Processing,Credit Card
O7485,C042,2023-03-09,P034,2,933,15.0,1586.1,Processing,Bank Transfer
O3650,C099,2023-12-15,P049,3,1719,5.0,4899.15,Delivered,Debit Card
O2408,C067,2023-06-25,P038,3,464,0.0,1392.0,Canceled,Debit Card
O4439,C074,2023-05-23,P049,5,1719,10.0,7735.5,Canceled,Debit Card
O2076,C084,2023-10-27,P027,4,2923,0.0,11692.0,Canceled,PayPal
O8187,C063,2023-06-11,P009,2,1877,15.0,3190.9,Canceled,PayPal
O1512,C071,2023-05-20,P011,4,2572,15.0,8744.8,Processing,Credit Card
O1758,C063,2023-03-18,P042,5,492,0.0,2460.0,Processing,PayPal
O8196,C008,2023-06-01,P025,1,1869,10.0,1682.1,Canceled,Bank Transfer
O9185,C008,2023-06-03,P038,5,464,5.0,2204.0,Processing,Credit Card
O6698,C035,2023-02-06,P011,2,2572,5.0,4886.8,Delivered,Credit Card
O1891,C056,2023-07-09,P030,1,2627,0.0,2627.0,Processing,Bank Transfer
O2546,C059,2023-08-22,P030,5,2627,10.0,11821.5,Delivered,PayPal
O8141,C002,2023-06-19,P034,2,933,15.0,1586.1,Processing,PayPal
O1739,C029,2023-10-03,P048,4,2673,5.0,10157.4,Processing,Bank Transfer
O4274,C081,2023-12-20,P023,5,2267,10.0,10201.5,Canceled,PayPal
O5840,C044,2023-08-20,P037,4,2661,10.0,9579.6,Delivered,Bank Transfer
O5967,C098,2023-04-26,P046,5,1476,10.0,6642.0,Processing,Bank Transfer
O8956,C064,2023-08-25,P004,3,986,15.0,2514.3,Delivered,Credit Card
O5459,C014,2023-01-22,P002,2,2426,5.0,4609.4,Canceled,Bank Transfer
O3894,C094,2023-06-07,P015,1,2419,10.0,2177.1,Delivered,Bank Transfer
O4848,C044,2023-07-28,P015,2,2419,5.0,4596.1,Delivered,Credit Card
O7330,C064,2023-01-09,P043,1,1996,10.0,1796.4,Canceled,Credit Card
O8044,C056,2023-03-12,P008,2,2588,10.0,4658.4,Delivered,PayPal
O7295,C075,2023-01-24,P017,1,2777,0.0,2777.0,Processing,Credit Card
O2746,C036,2023-01-21,P024,4,294,0.0,1176.0,Processing,Credit Card
O9623,C012,2023-12-22,P027,2,2923,0.0,5846.0,Delivered,PayPal
O9029,C008,2023-06-30,P035,4,432,0.0,1728.0,Canceled,PayPal
O3079,C017,2023-02-02,P019,5,687,5.0,3263.25,Processing,PayPal
O1656,C088,2023-03-19,P049,4,1719,0.0,6876.0,Delivered,PayPal
O3649,C021,2023-03-18,P019,5,687,10.0,3091.5,Processing,PayPal
O5582,C097,2023-10-19,P001,2,161,10.0,289.8,Delivered,Bank Transfer
O4482,C091,2023-09-22,P033,3,2042,15.0,5207.1,Delivered,Debit Card
O8771,C038,2023-01-31,P044,2,2277,0.0,4554.0,Processing,PayPal
O9731,C078,2023-06-30,P003,3,2003,15.0,5107.65,Processing,Bank Transfer
O4060,C008,2023-08-20,P027,5,2923,0.0,14615.0,Processing,Credit Card
O7099,C047,2023-04-09,P022,1,1146,0.0,1146.0,Canceled,Debit Card
O6123,C081,2023-02-20,P048,5,2673,10.0,12028.5,Delivered,Credit Card
O3833,C005,2023-09-27,P047,3,2253,15.0,5745.15,Canceled,PayPal
O9868,C019,2023-03-28,P018,3,1254,0.0,3762.0,Canceled,PayPal
O3631,C006,2023-02-15,P048,2,2673,5.0,5078.7,Processing,Credit Card
O3255,C014,2023-07-29,P013,5,1633,5.0,7756.75,Processing,Credit Card
O4831,C037,2023-12-01,P039,2,2093,0.0,4186.0,Processing,PayPal
O9821,C089,2023-09-15,P039,1,2093,5.0,1988.35,Processing,PayPal
O2323,C023,2023-11-26,P047,3,2253,0.0,6759.0,Processing,Credit Card
O5122,C010,2023-08-10,P019,3,687,0.0,2061.0,Processing,Debit Card
O4790,C077,2023-05-06,P004,4,986,5.0,3746.8,Delivered,Credit Card
O9939,C071,2023-05-20,P009,5,1877,5.0,8915.75,Delivered,Debit Card
O3832,C018,2023-08-04,P012,3,2153,0.0,6459.0,Canceled,Bank Transfer
O7262,C058,2023-07-31,P041,4,871,10.0,3135.6,Processing,PayPal
O5303,C011,2023-07-04,P023,2,2267,0.0,4534.0,Processing,Debit Card
O6563,C100,2023-02-24,P044,4,2277,15.0,7741.8,Delivered,PayPal
O6702,C080,2023-07-12,P015,2,2419,0.0,4838.0,Canceled,Credit Card
O9192,C060,2023-04-18,P003,4,2003,15.0,6810.2,Delivered,Credit Card
O4120,C012,2023-10-20,P021,4,2757,5.0,10476.6,Delivered,PayPal
O4037,C057,2023-09-19,P018,3,1254,5.0,3573.9,Processing,PayPal
O7069,C020,2023-09-05,P001,2,161,10.0,289.8,Canceled,Debit Card
O3204,C035,2023-03-13,P001,3,161,5.0,458.85,Processing,Credit Card
O1592,C083,2023-03-18,P021,2,2757,0.0,5514.0,Processing,Credit Card
O4873,C060,2023-08-27,P038,3,464,15.0,1183.2,Processing,Credit Card
O4704,C050,2023-05-08,P031,4,2134,10.0,7682.4,Processing,Credit Card
O5940,C097,2023-12-13,P004,4,986,0.0,3944.0,Processing,Debit Card
O6089,C035,2023-12-04,P002,1,2426,15.0,2062.1,Canceled,Debit Card
O2985,C023,2023-03-18,P021,4,2757,15.0,9373.8,Delivered,Bank Transfer
O4687,C068,2023-07-28,P048,4,2673,0.0,10692.0,Canceled,PayPal
O9789,C073,2023-07-22,P019,2,687,15.0,1167.9,Delivered,Debit Card
O5709,C092,2023-03-15,P039,4,2093,0.0,8372.0,Canceled,Credit Card
O6556,C089,2023-05-10,P013,2,1633,15.0,2776.1,Processing,Debit Card
O3493,C034,2023-05-28,P002,3,2426,15.0,6186.3,Processing,Bank Transfer
O9503,C094,2023-06-19,P035,5,432,5.0,2052.0,Processing,PayPal
O5607,C088,2023-10-12,P015,2,2419,0.0,4838.0,Delivered,PayPal
O1492,C063,2023-03-12,P047,4,2253,15.0,7660.2,Canceled,Credit Card
O8018,C081,2023-02-05,P012,4,2153,15.0,7320.2,Delivered,Debit Card
O1071,C034,2023-04-02,P017,4,2777,0.0,11108.0,Processing,PayPal
O4461,C044,2023-08-30,P026,1,855,0.0,855.0,Canceled,PayPal
O1513,C033,2023-04-03,P032,4,137,15.0,465.8,Canceled,Bank Transfer
O1053,C031,2023-06-22,P002,5,2426,5.0,11523.5,Canceled,Credit Card
O3869,C033,2023-03-30,P008,3,2588,0.0,7764.0,Delivered,Bank Transfer
O9207,C076,2023-03-14,P044,3,2277,5.0,6489.45,Processing,Bank Transfer
O9566,C025,2023-10-30,P029,4,133,0.0,532.0,Canceled,PayPal
O4476,C002,2023-08-14,P030,1,2627,0.0,2627.0,Processing,Bank Transfer
O5405,C082,2023-05-18,P050,5,659,15.0,2800.75,Canceled,Bank Transfer
O7345,C079,2023-01-15,P039,5,2093,5.0,9941.75,Delivered,Bank Transfer
O5548,C055,2023-01-10,P034,4,933,10.0,3358.8,Processing,Credit Card
O4573,C057,2023-06-06,P035,5,432,10.0,1944.0,Processing,Credit Card
O5296,C037,2023-03-16,P039,3,2093,5.0,5965.05,Processing,Debit Card
O9280,C045,2023-12-11,P021,1,2757,10.0,2481.3,Processing,Credit Card
O1870,C027,2023-02-13,P007,5,2281,0.0,11405.0,Canceled,Bank Transfer
O5879,C046,2023-12-12,P033,2,2042,10.0,3675.6,Processing,Credit Card
O4588,C056,2023-10-06,P032,5,137,5.0,650.75,Delivered,Bank Transfer
O9871,C061,2023-11-08,P013,5,1633,15.0,6940.25,Delivered,Bank Transfer
O1216,C022,2023-05-26,P041,1,871,0.0,871.0,Canceled,Debit Card
O9752,C002,2023-07-25,P014,3,1317,10.0,3555.9,Canceled,Bank Transfer
O1580,C086,2023-01-22,P016,5,2176,15.0,9248.0,Delivered,Debit Card
O3548,C080,2023-04-24,P031,1,2134,0.0,2134.0,Delivered,Bank Transfer
O2300,C007,2023-11-26,P018,3,1254,15.0,3197.7,Delivered,PayPal
O6164,C001,2023-10-17,P004,4,986,10.0,3549.6,Processing,Debit Card
O7302,C041,2023-07-12,P008,1,2588,15.0,2199.8,Processing,Debit Card
O2450,C048,2023-12-28,P017,4,2777,15.0,9441.8,Processing,Debit Card
O5401,C066,2023-08-21,P031,2,2134,10.0,3841.2,Delivered,Credit Card
O5484,C068,2023-10-28,P001,5,161,15.0,684.25,Delivered,Credit Card
O7479,C034,2023-05-26,P042,2,492,10.0,885.6,Processing,Bank Transfer
O6877,C013,2023-07-17,P017,4,2777,0.0,11108.0,Processing,Bank Transfer
O6657,C031,2023-11-23,P019,3,687,15.0,1751.85,Delivered,Debit Card
O2599,C048,2023-10-13,P044,5,2277,5.0,10815.75,Delivered,Credit Card
O6256,C054,2023-11-23,P011,3,2572,5.0,7330.2,Canceled,Bank Transfer
O9642,C044,2023-11-26,P037,2,2661,10.0,4789.8,Processing,PayPal
O8474,C001,2023-07-19,P021,4,2757,15.0,9373.8,Processing,Bank Transfer
O3376,C075,2023-04-18,P041,1,871,15.0,740.35,Delivered,Credit Card
O5739,C057,2023-03-02,P022,1,1146,10.0,1031.4,Processing,Bank Transfer
O6718,C022,2023-05-27,P013,2,1633,15.0,2776.1,Canceled,Credit Card
O6887,C011,2023-11-26,P026,4,855,5.0,3249.0,Canceled,PayPal
O9339,C029,2023-03-10,P022,4,1146,0.0,4584.0,Delivered,Bank Transfer
O2075,C033,2023-06-10,P039,3,2093,10.0,5651.1,Delivered,Bank Transfer
O3016,C051,2023-06-26,P039,5,2093,10.0,9418.5,Processing,PayPal
O4687,C054,2023-10-23,P012,1,2153,10.0,1937.7,Processing,Credit Card
O8919,C063,2023-06-01,P038,4,464,15.0,1577.6,Processing,Credit Card
O1889,C065,2023-03-12,P018,3,1254,15.0,3197.7,Processing,PayPal
O4718,C094,2023-08-04,P033,5,2042,10.0,9189.0,Delivered,PayPal
O3440,C021,2023-01-26,P001,5,161,10.0,724.5,Delivered,PayPal
O4399,C033,2023-08-19,P046,5,1476,15.0,6273.0,Processing,Debit Card
O8155,C010,2023-09-04,P033,4,2042,15.0,6942.8,Canceled,PayPal
O4431,C017,2023-12-23,P010,5,290,15.0,1232.5,Processing,Bank Transfer
O1615,C040,2023-04-23,P038,5,464,5.0,2204.0,Canceled,PayPal
O4886,C030,2023-08-20,P038,3,464,15.0,1183.2,Canceled,Bank Transfer
O6187,C062,2023-03-02,P029,3,133,15.0,339.15,Canceled,PayPal
O7998,C095,2023-12-27,P015,2,2419,15.0,4112.3,Delivered,PayPal
O7378,C006,2023-04-23,P045,3,905,5.0,2579.25,Delivered,Bank Transfer
O9060,C046,2023-12-06,P008,1,2588,10.0,2329.2,Canceled,Debit Card
O7131,C095,2023-11-09,P014,5,1317,10.0,5926.5,Canceled,Debit Card
O2205,C022,2023-04-16,P043,2,1996,5.0,3792.4,Canceled,Debit Card
O8803,C033,2023-09-13,P040,3,2007,10.0,5418.9,Delivered,Bank Transfer
O1471,C086,2023-08-03,P030,2,2627,0.0,5254.0,Processing,Debit Card
O3242,C063,2023-12-27,P020,1,1296,5.0,1231.2,Delivered,Debit Card
O7338,C053,2023-09-21,P004,3,986,15.0,2514.3,Processing,Bank Transfer
O8376,C016,2023-05-21,P024,1,294,15.0,249.9,Delivered,Bank Transfer
O2631,C001,2023-07-09,P031,2,2134,0.0,4268.0,Canceled,Bank Transfer
O3918,C022,2023-01-05,P048,4,2673,0.0,10692.0,Delivered,Credit Card
O5480,C076,2023-07-09,P042,3,492,5.0,1402.2,Processing,Credit Card
O2079,C089,2023-02-13,P008,4,2588,15.0,8799.2,Canceled,Debit Card
O5588,C047,2023-07-10,P005,2,710,5.0,1349.0,Canceled,Credit Card
O7902,C060,2023-10-29,P041,1,871,15.0,740.35,Delivered,Bank Transfer
O6799,C068,2023-07-02,P018,1,1254,10.0,1128.6,Canceled,Debit Card
O8021,C016,2023-05-26,P042,1,492,15.0,418.2,Delivered,Debit Card
O5209,C031,2023-11-05,P033,2,2042,15.0,3471.4,Canceled,Bank Transfer
O7690,C056,2023-05-26,P030,2,2627,10.0,4728.6,Canceled,Credit Card
O8084,C025,2023-06-05,P012,5,2153,15.0,9150.25,Processing,PayPal
O1498,C034,2023-09-04,P028,3,852,10.0,2300.4,Delivered,Credit Card
O2552,C084,2023-05-22,P012,4,2153,15.0,7320.2,Processing,Bank Transfer
O4089,C092,2023-01-14,P030,3,2627,15.0,6698.85,Canceled,Debit Card
O8634,C054,2023-03-29,P003,2,2003,15.0,3405.1,Canceled,Debit Card
O4865,C088,2023-07-19,P012,4,2153,15.0,7320.2,Delivered,Debit Card
O9160,C049,2023-11-09,P031,3,2134,5.0,6081.9,Canceled,PayPal
O9738,C088,2023-04-10,P031,5,2134,0.0,10670.0,Delivered,Bank Transfer
O8888,C049,2023-02-09,P017,4,2777,10.0,9997.2,Delivered,Credit Card
O4325,C087,2023-04-29,P036,3,1660,10.0,4482.0,Processing,PayPal
O3996,C016,2023-11-27,P009,3,1877,5.0,5349.45,Delivered,Credit Card
O9657,C045,2023-08-09,P005,5,710,10.0,3195.0,Processing,PayPal
O5005,C093,2023-02-14,P028,4,852,15.0,2896.8,Delivered,PayPal
O7026,C030,2023-11-19,P027,2,2923,15.0,4969.1,Processing,Credit Card
O7388,C095,2023-09-02,P003,5,2003,15.0,8512.75,Delivered,Bank Transfer
O2843,C048,2023-09-03,P021,3,2757,0.0,8271.0,Canceled,Bank Transfer
O8266,C045,2023-03-28,P028,1,852,0.0,852.0,Canceled,Bank Transfer
O3676,C058,2023-06-04,P046,4,1476,5.0,5608.8,Delivered,PayPal
O3793,C096,2023-04-20,P009,5,1877,15.0,7977.25,Canceled,Debit Card
O6415,C056,2023-03-13,P045,4,905,5.0,3439.0,Canceled,Bank Transfer
O6936,C033,2023-06-12,P034,2,933,5.0,1772.7,Delivered,Debit Card
O7898,C078,2023-03-17,P039,4,2093,5.0,7953.4,Delivered,Bank Transfer
O4210,C090,2023-03-29,P004,5,986,5.0,4683.5,Delivered,Credit Card
O1845,C100,2023-09-02,P023,4,2267,5.0,8614.6,Delivered,Credit Card
O2637,C080,2023-12-23,P018,2,1254,0.0,2508.0,Delivered,Debit Card
O7616,C067,2023-03-27,P024,2,294,10.0,529.2,Processing,PayPal
O6708,C076,2023-05-31,P020,3,1296,5.0,3693.6,Processing,Credit Card
O2310,C058,2023-11-22,P014,1,1317,10.0,1185.3,Processing,PayPal
O2568,C006,2023-10-22,P041,5,871,10.0,3919.5,Processing,Bank Transfer
O6511,C083,2023-12-27,P013,3,1633,10.0,4409.1,Canceled,PayPal
O1247,C021,2023-02-13,P044,4,2277,10.0,8197.2,Delivered,Debit Card
O6116,C025,2023-05-12,P031,4,2134,10.0,7682.4,Processing,PayPal
O1809,C058,2023-01-01,P008,4,2588,5.0,9834.4,Delivered,Credit Card
O2103,C003,2023-07-22,P046,2,1476,5.0,2804.4,Canceled,PayPal
O4209,C049,2023-09-07,P041,2,871,5.0,1654.9,Canceled,PayPal
O4172,C080,2023-10-30,P050,4,659,5.0,2504.2,Delivered,Debit Card
O5638,C035,2023-04-12,P048,1,2673,5.0,2539.35,Processing,PayPal
O3513,C037,2023-09-26,P038,5,464,5.0,2204.0,Processing,Credit Card
O5356,C056,2023-11-21,P045,5,905,15.0,3846.25,Canceled,Bank Transfer
O6103,C091,2023-12-27,P002,3,2426,5.0,6914.1,Processing,PayPal
O1109,C061,2023-08-26,P028,5,852,10.0,3834.0,Processing,Credit Card
O6705,C022,2023-06-26,P004,5,986,15.0,4190.5,Delivered,PayPal
O5110,C050,2023-11-13,P015,2,2419,15.0,4112.3,Canceled,Bank Transfer
O1728,C031,2023-05-14,P050,2,659,15.0,1120.3,Canceled,Debit Card
O2341,C099,2023-01-26,P041,1,871,15.0,740.35,Canceled,Debit Card
O7082,C029,2023-07-26,P027,3,2923,10.0,7892.1,Delivered,Credit Card
O6171,C094,2023-08-23,P045,2,905,15.0,1538.5,Delivered,Credit Card
O8903,C006,2023-03-28,P031,5,2134,15.0,9069.5,Processing,Bank Transfer
O2637,C089,2023-07-10,P013,2,1633,10.0,2939.4,Canceled,Credit Card
O8016,C019,2023-12-03,P032,2,137,5.0,260.3,Delivered,Bank Transfer
O3693,C032,2023-04-01,P001,3,161,5.0,458.85,Processing,Credit Card
O3495,C042,2023-04-01,P024,2,294,5.0,558.6,Processing,PayPal
O5838,C049,2023-06-20,P042,4,492,5.0,1869.6,Delivered,PayPal
O6922,C089,2023-08-29,P003,5,2003,10.0,9013.5,Canceled,PayPal
O8384,C087,2023-05-15,P031,3,2134,15.0,5441.7,Processing,Bank Transfer
O5474,C086,2023-08-13,P047,2,2253,5.0,4280.7,Delivered,Credit Card
O6718,C081,2023-08-12,P008,2,2588,5.0,4917.2,Processing,PayPal
O8516,C075,2023-11-21,P005,4,710,15.0,2414.0,Canceled,Bank Transfer
O8278,C046,2023-12-09,P012,4,2153,15.0,7320.2,Delivered,PayPal
O6881,C043,2023-06-05,P038,3,464,5.0,1322.4,Processing,Debit Card
O7533,C032,2023-08-15,P044,2,2277,10.0,4098.6,Delivered,Debit Card
O2923,C009,2023-02-21,P020,4,1296,10.0,4665.6,Canceled,Bank Transfer
O1791,C078,2023-01-15,P019,3,687,15.0,1751.85,Delivered,Bank Transfer
O2999,C048,2023-03-20,P027,3,2923,0.0,8769.0,Processing,Credit Card
O1391,C066,2023-07-29,P007,4,2281,15.0,7755.4,Delivered,Debit Card
O2142,C093,2023-01-02,P035,4,432,5.0,1641.6,Processing,Bank Transfer
O9152,C013,2023-02-08,P049,3,1719,5.0,4899.15,Canceled,Credit Card
O3838,C024,2023-02-13,P012,3,2153,15.0,5490.15,Processing,Credit Card
O5302,C065,2023-12-02,P013,3,1633,5.0,4654.05,Canceled,Bank Transfer
O4841,C075,2023-01-14,P004,1,986,0.0,986.0,Processing,Debit Card
O5204,C019,2023-11-09,P018,3,1254,0.0,3762.0,Processing,Credit Card
O2460,C032,2023-09-05,P008,5,2588,0.0,12940.0,Processing,Credit Card
O8156,C089,2023-02-22,P046,5,1476,15.0,6273.0,Canceled,Bank Transfer
O6543,C097,2023-09-10,P036,4,1660,15.0,5644.0,Processing,PayPal
O7315,C041,2023-12-29,P002,4,2426,10.0,8733.6,Processing,PayPal
O7239,C024,2023-08-22,P006,5,2650,0.0,13250.0,Processing,Credit Card
O1757,C005,2023-04-14,P023,1,2267,15.0,1926.95,Canceled,Credit Card
O9432,C061,2023-03-29,P002,5,2426,15.0,10310.5,Delivered,PayPal
O9985,C010,2023-09-03,P011,2,2572,5.0,4886.8,Canceled,PayPal
O7164,C059,2023-05-10,P035,2,432,5.0,820.8,Delivered,Debit Card
O6105,C051,2023-03-17,P010,4,290,5.0,1102.0,Processing,Debit Card
O5025,C019,2023-11-23,P022,3,1146,5.0,3266.1,Delivered,Credit Card
O3361,C091,2023-12-11,P008,3,2588,0.0,7764.0,Canceled,Credit Card
O1406,C055,2023-01-09,P012,1,2153,10.0,1937.7,Delivered,Credit Card
O7027,C059,2023-10-29,P026,4,855,5.0,3249.0,Canceled,Bank Transfer
O7502,C059,2023-06-09,P014,5,1317,10.0,5926.5,Delivered,Bank Transfer
O3130,C028,2023-09-25,P005,1,710,10.0,639.0,Delivered,Credit Card
O4020,C090,2023-02-25,P012,3,2153,0.0,6459.0,Processing,Debit Card
O2131,C030,2023-11-10,P011,4,2572,15.0,8744.8,Delivered,Debit Card
O8398,C069,2023-01-05,P037,3,2661,0.0,7983.0,Processing,Debit Card
O4381,C094,2023-10-23,P009,2,1877,0.0,3754.0,Canceled,Bank Transfer
O3852,C007,2023-04-19,P019,4,687,10.0,2473.2,Delivered,Credit Card
O7094,C010,2023-07-29,P027,5,2923,0.0,14615.0,Processing,Credit Card
O3088,C097,2023-10-09,P017,4,2777,15.0,9441.8,Delivered,Bank Transfer
O8991,C018,2023-01-04,P008,3,2588,0.0,7764.0,Delivered,Bank Transfer
O8392,C088,2023-10-13,P012,2,2153,10.0,3875.4,Delivered,PayPal
O5889,C076,2023-05-07,P043,1,1996,5.0,1896.2,Processing,Debit Card
O9284,C003,2023-06-21,P049,2,1719,15.0,2922.3,Canceled,Credit Card
O6259,C005,2023-08-14,P019,3,687,0.0,2061.0,Canceled,PayPal
O4778,C030,2023-06-05,P032,5,137,0.0,685.0,Delivered,Credit Card
O3223,C014,2023-07-16,P012,2,2153,10.0,3875.4,Delivered,Debit Card
O4107,C039,2023-12-14,P031,1,2134,5.0,2027.3,Canceled,Bank Transfer
O7081,C035,2023-11-17,P016,1,2176,15.0,1849.6,Processing,PayPal
O5642,C034,2023-03-23,P026,4,855,10.0,3078.0,Processing,Credit Card
O3058,C087,2023-12-26,P037,4,2661,15.0,9047.4,Canceled,Credit Card
O5078,C061,2023-09-03,P027,3,2923,5.0,8330.55,Delivered,Credit Card
O5521,C040,2023-10-05,P046,4,1476,10.0,5313.6,Canceled,Debit Card
O1264,C026,2023-02-15,P026,3,855,5.0,2436.75,Delivered,PayPal
O5544,C081,2023-06-10,P014,1,1317,10.0,1185.3,Canceled,Credit Card
O2680,C064,2023-11-29,P007,3,2281,5.0,6500.85,Processing,Credit Card
O5474,C024,2023-09-06,P020,1,1296,15.0,1101.6,Canceled,PayPal
O3035,C056,2023-08-16,P038,2,464,10.0,835.2,Canceled,Credit Card
O9267,C059,2023-05-02,P005,4,710,10.0,2556.0,Canceled,Debit Card
O2494,C038,2023-11-19,P040,2,2007,5.0,3813.3,Processing,Debit Card
O2205,C075,2023-01-19,P044,5,2277,0.0,11385.0,Delivered,Credit Card
O8760,C009,2023-09-10,P021,3,2757,10.0,7443.9,Delivered,Debit Card
O1640,C080,2023-04-16,P019,4,687,15.0,2335.8,Canceled,Debit Card
O2747,C040,2023-08-31,P011,5,2572,5.0,12217.0,Canceled,PayPal
O5467,C071,2023-08-28,P048,4,2673,5.0,10157.4,Delivered,Credit Card
O2660,C055,2023-04-02,P028,2,852,5.0,1618.8,Delivered,Bank Transfer
O7727,C083,2023-03-02,P021,2,2757,15.0,4686.9,Delivered,Credit Card
O1863,C092,2023-01-30,P031,1,2134,10.0,1920.6,Delivered,Debit Card
O3480,C071,2023-05-16,P049,2,1719,10.0,3094.2,Delivered,Bank Transfer
O3857,C030,2023-06-11,P039,3,2093,10.0,5651.1,Delivered,Credit Card
O9701,C070,2023-09-27,P025,1,1869,5.0,1775.55,Canceled,Debit Card
O8732,C025,2023-10-27,P003,5,2003,10.0,9013.5,Processing,Bank Transfer
O3748,C023,2023-01-10,P039,5,2093,5.0,9941.75,Processing,Bank Transfer
O2751,C096,2023-07-30,P027,3,2923,0.0,8769.0,Canceled,Credit Card
O3389,C033,2023-04-12,P010,1,290,0.0,290.0,Canceled,Credit Card
O7351,C060,2023-04-26,P015,5,2419,0.0,12095.0,Processing,Debit Card
O5920,C100,2023-03-26,P029,5,133,15.0,565.25,Canceled,Bank Transfer
O4347,C020,2023-03-20,P005,1,710,0.0,710.0,Delivered,PayPal
O7848,C032,2023-05-21,P025,3,1869,15.0,4765.95,Processing,PayPal
O1975,C076,2023-04-28,P030,1,2627,5.0,2495.65,Processing,Debit Card
O8724,C001,2023-12-14,P014,3,1317,0.0,3951.0,Processing,PayPal
O4807,C078,2023-02-27,P048,5,2673,15.0,11360.25,Delivered,Debit Card
O5466,C006,2023-12-31,P035,4,432,15.0,1468.8,Delivered,Bank Transfer
O3659,C077,2023-01-29,P043,3,1996,15.0,5089.8,Processing,Credit Card
O7405,C055,2023-12-17,P047,3,2253,10.0,6083.1,Delivered,Credit Card
O5058,C009,2023-05-28,P029,2,133,15.0,226.1,Processing,Debit Card
O6142,C069,2023-07-11,P013,4,1633,5.0,6205.4,Delivered,Bank Transfer
O7553,C055,2023-10-05,P030,4,2627,0.0,10508.0,Delivered,Bank Transfer
O7461,C073,2023-09-01,P022,3,1146,10.0,3094.2,Delivered,Debit Card
O3126,C100,2023-05-09,P049,1,1719,10.0,1547.1,Delivered,PayPal
O4792,C023,2023-04-06,P021,1,2757,10.0,2481.3,Delivered,Credit Card
O7390,C027,2023-07-14,P021,3,2757,0.0,8271.0,Delivered,Debit Card
O6216,C003,2023-11-06,P002,5,2426,0.0,12130.0,Processing,Debit Card
O7288,C039,2023-07-28,P031,2,2134,15.0,3627.8,Processing,Bank Transfer
O2998,C058,2023-04-14,P026,2,855,5.0,1624.5,Canceled,PayPal
O8166,C063,2023-03-13,P025,2,1869,10.0,3364.2,Canceled,Debit Card
O9048,C014,2023-11-08,P007,5,2281,0.0,11405.0,Processing,Debit Card
O1597,C026,2023-05-09,P013,4,1633,10.0,5878.8,Processing,Credit Card
O6058,C084,2023-10-30,P023,2,2267,10.0,4080.6,Processing,Bank Transfer
O8707,C004,2023-03-26,P015,4,2419,15.0,8224.6,Processing,PayPal
O6981,C090,2023-12-18,P033,2,2042,5.0,3879.8,Canceled,Credit Card
O3046,C023,2023-04-29,P047,4,2253,5.0,8561.4,Processing,PayPal
O6451,C087,2023-06-25,P047,5,2253,0.0,11265.0,Canceled,Bank Transfer
O3481,C089,2023-11-11,P013,1,1633,0.0,1633.0,Delivered,Bank Transfer
O2821,C079,2023-06-25,P005,3,710,5.0,2023.5,Canceled,Bank Transfer
O7027,C083,2023-02-16,P040,4,2007,5.0,7626.6,Delivered,PayPal
O7230,C069,2023-09-15,P016,4,2176,5.0,8268.8,Canceled,Debit Card
O1017,C074,2023-08-03,P044,3,2277,0.0,6831.0,Delivered,Debit Card
O3384,C009,2023-10-25,P041,2,871,15.0,1480.7,Canceled,PayPal
O3418,C024,2023-02-10,P028,2,852,15.0,1448.4,Canceled,PayPal
O7949,C061,2023-12-16,P050,4,659,5.0,2504.2,Delivered,Bank Transfer
O1855,C011,2023-05-25,P036,4,1660,5.0,6308.0,Canceled,Debit Card
O7546,C079,2023-06-07,P004,5,986,15.0,4190.5,Canceled,Credit Card
O1091,C002,2023-03-28,P008,2,2588,15.0,4399.6,Delivered,Bank Transfer
O1383,C031,2023-12-03,P042,1,492,5.0,467.4,Processing,Bank Transfer
O3064,C036,2023-05-20,P036,1,1660,10.0,1494.0,Canceled,Debit Card
O3077,C008,2023-06-11,P012,5,2153,15.0,9150.25,Processing,Credit Card
O5533,C054,2023-09-09,P036,1,1660,10.0,1494.0,Processing,PayPal
O7583,C009,2023-03-23,P007,1,2281,5.0,2166.95,Processing,PayPal
O1684,C056,2023-10-14,P015,2,2419,0.0,4838.0,Canceled,Credit Card
O4378,C052,2023-10-23,P007,4,2281,5.0,8667.8,Delivered,Bank Transfer
O8050,C092,2023-05-04,P025,1,1869,15.0,1588.65,Delivered,Debit Card
O7179,C051,2023-04-05,P012,5,2153,5.0,10226.75,Delivered,Bank Transfer
O6699,C047,2023-10-15,P027,2,2923,10.0,5261.4,Canceled,PayPal
O7519,C028,2023-08-05,P025,3,1869,5.0,5326.65,Processing,Bank Transfer
O1863,C031,2023-04-26,P003,2,2003,15.0,3405.1,Canceled,Bank Transfer
O7632,C074,2023-07-24,P016,2,2176,10.0,3916.8,Delivered,Debit Card
O6623,C055,2023-12-29,P024,2,294,5.0,558.6,Processing,Bank Transfer
O9735,C082,2023-10-13,P040,5,2007,15.0,8529.75,Canceled,Bank Transfer
O4736,C098,2023-12-25,P016,3,2176,10.0,5875.2,Delivered,Bank Transfer
O5533,C091,2023-01-08,P024,2,294,15.0,499.8,Processing,Bank Transfer
O1721,C065,2023-05-04,P035,5,432,15.0,1836.0,Processing,Debit Card
O2163,C018,2023-09-27,P029,2,133,0.0,266.0,Processing,Credit Card
O4744,C015,2023-06-28,P029,3,133,10.0,359.1,Delivered,PayPal
O6423,C079,2023-12-23,P043,3,1996,0.0,5988.0,Delivered,Credit Card
O4294,C033,2023-12-18,P050,4,659,0.0,2636.0,Processing,Credit Card
O9593,C062,2023-08-13,P012,3,2153,0.0,6459.0,Delivered,Credit Card
O7452,C042,2023-08-31,P009,2,1877,15.0,3190.9,Processing,Debit Card
O4029,C003,2023-12-30,P026,2,855,15.0,1453.5,Delivered,Credit Card
O5856,C021,2023-12-14,P011,4,2572,5.0,9773.6,Delivered,PayPal
O1538,C044,2023-03-04,P035,2,432,15.0,734.4,Canceled,Credit Card
O4514,C094,2023-07-21,P030,5,2627,5.0,12478.25,Delivered,PayPal
O1341,C031,2023-11-18,P037,3,2661,10.0,7184.7,Processing,Debit Card
O9477,C060,2023-04-16,P032,2,137,10.0,246.6,Canceled,Debit Card
O5686,C017,2023-03-11,P017,2,2777,10.0,4998.6,Delivered,Debit Card
O8029,C082,2023-04-21,P026,4,855,0.0,3420.0,Canceled,PayPal
O6382,C034,2023-09-10,P043,4,1996,0.0,7984.0,Delivered,PayPal
O7871,C096,2023-11-13,P002,3,2426,0.0,7278.0,Processing,Bank Transfer
O5828,C012,2023-07-18,P009,5,1877,15.0,7977.25,Delivered,Credit Card
O3876,C085,2023-06-05,P042,5,492,0.0,2460.0,Delivered,PayPal
O1757,C082,2023-07-06,P004,5,986,15.0,4190.5,Delivered,Bank Transfer
O1639,C028,2023-01-12,P005,1,710,10.0,639.0,Canceled,PayPal
O1491,C001,2023-08-18,P020,5,1296,10.0,5832.0,Canceled,Debit Card
O9647,C090,2023-04-05,P019,3,687,5.0,1957.95,Canceled,Bank Transfer
O7448,C073,2023-11-01,P008,4,2588,10.0,9316.8,Delivered,PayPal
O1498,C040,2023-10-04,P033,1,2042,5.0,1939.9,Delivered,PayPal
O3326,C070,2023-01-20,P050,1,659,5.0,626.05,Canceled,PayPal
O5957,C022,2023-02-11,P024,3,294,15.0,749.7,Canceled,Credit Card
O7986,C017,2023-07-13,P013,1,1633,0.0,1633.0,Processing,Credit Card
O9696,C013,2023-09-11,P004,3,986,5.0,2810.1,Canceled,PayPal
O5037,C062,2023-10-19,P017,2,2777,0.0,5554.0,Processing,Bank Transfer
O5816,C093,2023-03-17,P047,1,2253,15.0,1915.05,Processing,Credit Card
O6651,C087,2023-03-02,P033,2,2042,5.0,3879.8,Processing,PayPal
O6217,C053,2023-07-21,P036,2,1660,15.0,2822.0,Processing,Debit Card
O4352,C029,2023-09-19,P027,3,2923,5.0,8330.55,Delivered,Credit Card
O2185,C013,2023-12-08,P033,2,2042,15.0,3471.4,Processing,PayPal
O6745,C049,2023-06-18,P025,3,1869,0.0,5607.0,Canceled,Credit Card
O1250,C089,2023-06-27,P023,3,2267,0.0,6801.0,Processing,Bank Transfer
O2851,C074,2023-03-07,P037,2,2661,5.0,5055.9,Processing,PayPal
O2386,C055,2023-01-13,P011,4,2572,15.0,8744.8,Canceled,Bank Transfer
O1841,C093,2023-06-01,P029,2,133,15.0,226.1,Processing,Credit Card
O2773,C078,2023-01-13,P041,3,871,0.0,2613.0,Delivered,Debit Card
O2668,C065,2023-08-01,P001,2,161,15.0,273.7,Canceled,Credit Card
O7914,C085,2023-05-14,P019,2,687,15.0,1167.9,Processing,Credit Card
O3899,C094,2023-03-24,P037,5,2661,0.0,13305.0,Delivered,Debit Card
O8400,C012,2023-09-06,P018,4,1254,10.0,4514.4,Delivered,PayPal
O9388,C025,2023-08-10,P011,4,2572,10.0,9259.2,Canceled,Bank Transfer
O9216,C016,2023-05-02,P018,2,1254,5.0,2382.6,Delivered,Credit Card
O1909,C029,2023-11-30,P028,5,852,5.0,4047.0,Processing,PayPal
O7313,C067,2023-01-25,P016,5,2176,10.0,9792.0,Processing,Bank Transfer
O7756,C073,2023-08-11,P007,3,2281,10.0,6158.7,Processing,PayPal
O7308,C030,2023-12-29,P042,3,492,0.0,1476.0,Canceled,Bank Transfer
O8341,C064,2023-03-29,P001,3,161,5.0,458.85,Canceled,Credit Card
O2040,C023,2023-02-09,P010,2,290,15.0,493.0,Processing,PayPal
O6292,C081,2023-06-05,P028,2,852,10.0,1533.6,Canceled,Debit Card
O3274,C090,2023-06-13,P020,5,1296,5.0,6156.0,Delivered,Credit Card
O2921,C040,2023-06-12,P024,5,294,10.0,1323.0,Delivered,Credit Card
O5781,C064,2023-01-31,P048,5,2673,15.0,11360.25,Delivered,PayPal
O5285,C062,2023-04-02,P014,5,1317,15.0,5597.25,Delivered,PayPal
O9905,C041,2023-01-06,P004,3,986,15.0,2514.3,Delivered,Credit Card
O1230,C016,2023-12-15,P019,5,687,5.0,3263.25,Processing,Credit Card
O1399,C023,2023-03-16,P025,5,1869,0.0,9345.0,Delivered,PayPal
O8109,C033,2023-04-16,P005,2,710,10.0,1278.0,Delivered,Credit Card
O9852,C064,2023-08-30,P023,5,2267,5.0,10768.25,Processing,Credit Card
O7307,C028,2023-08-19,P026,2,855,15.0,1453.5,Canceled,Bank Transfer
O5657,C081,2023-06-29,P028,1,852,0.0,852.0,Processing,Bank Transfer
O9641,C015,2023-09-05,P016,5,2176,5.0,10336.0,Delivered,PayPal
O8088,C034,2023-12-01,P026,1,855,15.0,726.75,Delivered,Bank Transfer
O9185,C035,2023-05-28,P044,2,2277,10.0,4098.6,Processing,PayPal
O8159,C023,2023-08-03,P015,4,2419,0.0,9676.0,Canceled,Credit Card
O1075,C091,2023-08-16,P005,3,710,0.0,2130.0,Delivered,Debit Card
O2217,C053,2023-06-17,P036,2,1660,10.0,2988.0,Processing,Debit Card
O9325,C046,2023-12-14,P012,2,2153,10.0,3875.4,Processing,Debit Card
O7157,C082,2023-09-07,P026,1,855,10.0,769.5,Processing,Debit Card
O9516,C024,2023-10-15,P031,3,2134,0.0,6402.0,Processing,Credit Card
O3246,C067,2023-04-05,P023,1,2267,10.0,2040.3,Canceled,PayPal
O3013,C085,2023-02-24,P030,4,2627,5.0,9982.6,Processing,Bank Transfer
O5076,C073,2023-12-01,P020,3,1296,0.0,3888.0,Canceled,Credit Card
O3230,C007,2023-03-15,P003,5,2003,5.0,9514.25,Processing,PayPal
O4175,C071,2023-07-17,P004,1,986,0.0,986.0,Canceled,Credit Card
O3375,C032,2023-12-18,P028,4,852,15.0,2896.8,Canceled,PayPal
O9547,C055,2023-03-12,P022,4,1146,5.0,4354.8,Processing,Credit Card
O9093,C023,2023-06-03,P026,4,855,0.0,3420.0,Processing,PayPal
O9725,C081,2023-11-12,P040,2,2007,10.0,3612.6,Canceled,Debit Card
O7024,C084,2023-09-09,P040,2,2007,15.0,3411.9,Delivered,Credit Card
O7081,C070,2023-09-08,P044,3,2277,5.0,6489.45,Canceled,Bank Transfer
O9513,C009,2023-08-10,P002,2,2426,5.0,4609.4,Processing,PayPal
O9315,C008,2023-06-30,P040,2,2007,10.0,3612.6,Canceled,Bank Transfer
O1221,C034,2023-01-26,P032,4,137,10.0,493.2,Delivered,PayPal
O6340,C007,2023-09-12,P021,2,2757,10.0,4962.6,Canceled,Bank Transfer
O1489,C066,2023-08-25,P010,1,290,10.0,261.0,Canceled,Credit Card
O4959,C036,2023-05-28,P011,5,2572,15.0,10931.0,Canceled,PayPal
O5436,C082,2023-08-12,P043,3,1996,0.0,5988.0,Processing,PayPal
O2713,C058,2023-10-12,P045,4,905,15.0,3077.0,Canceled,Debit Card
O6127,C028,2023-11-13,P035,5,432,5.0,2052.0,Processing,PayPal
O7863,C054,2023-05-21,P001,4,161,10.0,579.6,Processing,Credit Card
O3695,C050,2023-01-23,P032,4,137,15.0,465.8,Processing,PayPal
O8265,C041,2023-04-10,P032,4,137,5.0,520.6,Delivered,PayPal
O7097,C075,2023-04-08,P024,1,294,10.0,264.6,Canceled,Bank Transfer
O2045,C091,2023-10-10,P025,4,1869,15.0,6354.6,Delivered,Credit Card
O2797,C023,2023-01-11,P047,5,2253,0.0,11265.0,Canceled,Credit Card
O7901,C026,2023-04-07,P001,5,161,0.0,805.0,Canceled,PayPal
O4422,C087,2023-08-13,P042,2,492,10.0,885.6,Delivered,PayPal
O8156,C086,2023-10-08,P050,1,659,0.0,659.0,Delivered,PayPal
O8573,C055,2023-04-17,P027,2,2923,0.0,5846.0,Delivered,PayPal
O9256,C071,2023-08-10,P044,4,2277,0.0,9108.0,Delivered,PayPal
O9442,C006,2023-07-08,P013,4,1633,10.0,5878.8,Canceled,Debit Card
O4649,C053,2023-10-18,P026,5,855,5.0,4061.25,Canceled,PayPal
O1905,C086,2023-02-21,P009,5,1877,10.0,8446.5,Processing,Debit Card
O2051,C028,2023-10-11,P040,3,2007,15.0,5117.85,Processing,PayPal
O5253,C021,2023-04-14,P046,5,1476,10.0,6642.0,Canceled,Credit Card
O4004,C050,2023-01-22,P029,3,133,0.0,399.0,Processing,Debit Card
O5535,C097,2023-11-03,P041,3,871,0.0,2613.0,Delivered,Bank Transfer
O2582,C018,2023-10-29,P041,1,871,10.0,783.9,Processing,Bank Transfer
O9821,C024,2023-12-04,P015,1,2419,5.0,2298.05,Delivered,PayPal
O8082,C018,2023-08-15,P020,5,1296,15.0,5508.0,Canceled,Bank Transfer
O5716,C099,2023-03-30,P023,2,2267,15.0,3853.9,Processing,Bank Transfer
O3380,C028,2023-05-02,P042,5,492,10.0,2214.0,Canceled,Bank Transfer
O6642,C003,2023-07-30,P040,4,2007,10.0,7225.2,Processing,Credit Card
O6840,C016,2023-10-25,P041,4,871,15.0,2961.4,Canceled,Bank Transfer
O5469,C019,2023-01-18,P036,5,1660,10.0,7470.0,Processing,Bank Transfer
O5245,C018,2023-06-22,P021,2,2757,15.0,4686.9,Delivered,Credit Card
O3288,C075,2023-08-20,P043,3,1996,15.0,5089.8,Canceled,Credit Card
O3383,C056,2023-10-22,P044,4,2277,15.0,7741.8,Canceled,Bank Transfer
O1701,C026,2023-11-19,P013,5,1633,5.0,7756.75,Delivered,Bank Transfer
O8114,C061,2023-03-08,P048,3,2673,15.0,6816.15,Canceled,Credit Card
O3191,C075,2023-10-05,P041,4,871,0.0,3484.0,Canceled,Credit Card
O2914,C023,2023-03-19,P011,4,2572,0.0,10288.0,Delivered,Bank Transfer
O4509,C046,2023-03-05,P007,5,2281,5.0,10834.75,Processing,Bank Transfer
O6442,C066,2023-11-26,P022,1,1146,0.0,1146.0,Delivered,Credit Card
O4625,C024,2023-06-11,P044,4,2277,10.0,8197.2,Delivered,PayPal
O7739,C024,2023-04-17,P033,1,2042,15.0,1735.7,Processing,Bank Transfer
O1200,C012,2023-02-17,P008,3,2588,0.0,7764.0,Processing,Credit Card
O7465,C047,2023-04-02,P002,1,2426,5.0,2304.7,Processing,Bank Transfer
O2761,C013,2023-09-22,P046,3,1476,10.0,3985.2,Canceled,Debit Card
O3819,C078,2023-03-08,P050,1,659,10.0,593.1,Canceled,Debit Card
O4949,C075,2023-02-17,P035,5,432,15.0,1836.0,Processing,Debit Card
O6478,C010,2023-12-03,P026,1,855,0.0,855.0,Delivered,Credit Card
O2511,C077,2023-11-25,P041,5,871,10.0,3919.5,Canceled,Credit Card
O6545,C021,2023-07-17,P050,4,659,0.0,2636.0,Delivered,Credit Card
O5569,C032,2023-05-17,P022,4,1146,0.0,4584.0,Canceled,Bank Transfer
O2054,C014,2023-11-09,P016,1,2176,10.0,1958.4,Processing,PayPal
O3500,C092,2023-12-23,P035,3,432,15.0,1101.6,Processing,Bank Transfer
O3762,C016,2023-08-09,P009,3,1877,15.0,4786.35,Canceled,PayPal
O3553,C029,2023-08-07,P041,5,871,5.0,4137.25,Delivered,Bank Transfer
O2454,C051,2023-08-11,P018,2,1254,10.0,2257.2,Delivered,PayPal
O6217,C058,2023-08-03,P018,4,1254,15.0,4263.6,Canceled,PayPal
O8024,C040,2023-04-06,P003,1,2003,0.0,2003.0,Canceled,PayPal
O8894,C090,2023-01-13,P032,4,137,0.0,548.0,Canceled,Debit Card
O3573,C083,2023-12-18,P003,2,2003,15.0,3405.1,Processing,Debit Card
O2222,C040,2023-02-04,P044,5,2277,5.0,10815.75,Processing,Debit Card
O5450,C058,2023-04-09,P016,5,2176,5.0,10336.0,Delivered,Credit Card
O7171,C035,2023-10-05,P044,3,2277,0.0,6831.0,Delivered,Credit Card
O7719,C009,2023-04-12,P027,3,2923,10.0,7892.1,Delivered,Debit Card
O9090,C050,2023-12-19,P019,1,687,0.0,687.0,Processing,Bank Transfer
O1939,C022,2023-09-22,P035,1,432,0.0,432.0,Delivered,Bank Transfer
O9271,C034,2023-06-12,P049,3,1719,10.0,4641.3,Processing,PayPal
O6083,C011,2023-11-20,P010,1,290,5.0,275.5,Processing,Debit Card
O6786,C003,2023-07-23,P003,5,2003,5.0,9514.25,Canceled,Debit Card
O6161,C081,2023-10-05,P028,1,852,5.0,809.4,Processing,Credit Card
O7453,C025,2023-07-09,P013,3,1633,10.0,4409.1,Canceled,Debit Card
O8701,C083,2023-12-29,P036,1,1660,10.0,1494.0,Canceled,Credit Card
O8928,C054,2023-09-16,P050,4,659,10.0,2372.4,Processing,Credit Card
O6298,C045,2023-08-19,P033,5,2042,0.0,10210.0,Processing,Bank Transfer
O6189,C086,2023-03-15,P020,2,1296,0.0,2592.0,Canceled,Debit Card
O9575,C075,2023-08-22,P021,1,2757,5.0,2619.15,Processing,Bank Transfer
O1293,C032,2023-12-26,P049,5,1719,5.0,8165.25,Canceled,Credit Card
O3194,C051,2023-11-09,P024,3,294,15.0,749.7,Canceled,Credit Card
O8404,C030,2023-12-02,P002,3,2426,0.0,7278.0,Canceled,PayPal
O7338,C081,2023-03-10,P037,5,2661,15.0,11309.25,Delivered,Credit Card
O8538,C032,2023-05-26,P015,3,2419,0.0,7257.0,Processing,Credit Card
O9606,C093,2023-06-04,P020,5,1296,15.0,5508.0,Processing,PayPal
O6735,C036,2023-06-02,P038,4,464,0.0,1856.0,Processing,Bank Transfer
O7202,C007,2023-05-08,P004,2,986,5.0,1873.4,Canceled,Bank Transfer
O6143,C014,2023-11-06,P047,2,2253,15.0,3830.1,Delivered,Debit Card
O3183,C034,2023-02-17,P021,5,2757,10.0,12406.5,Canceled,Credit Card
O2625,C043,2023-10-14,P018,5,1254,10.0,5643.0,Processing,Debit Card
O4447,C036,2023-10-13,P045,4,905,15.0,3077.0,Processing,Credit Card
O6148,C008,2023-07-27,P045,3,905,10.0,2443.5,Processing,PayPal
O5805,C025,2023-01-01,P027,1,2923,10.0,2630.7,Delivered,Bank Transfer
O4955,C071,2023-12-02,P033,1,2042,15.0,1735.7,Canceled,Bank Transfer
O5831,C078,2023-09-26,P040,5,2007,0.0,10035.0,Delivered,Bank Transfer
O8203,C098,2023-05-13,P040,5,2007,15.0,8529.75,Delivered,Debit Card
O4782,C016,2023-10-01,P019,5,687,15.0,2919.75,Delivered,Credit Card
O7068,C013,2023-11-09,P004,5,986,10.0,4437.0,Canceled,Credit Card
O5464,C055,2023-12-08,P048,4,2673,5.0,10157.4,Canceled,Credit Card
O4360,C085,2023-10-02,P005,4,710,15.0,2414.0,Processing,Bank Transfer
O4892,C059,2023-03-17,P007,4,2281,0.0,9124.0,Delivered,Bank Transfer
O9942,C023,2023-10-01,P033,2,2042,15.0,3471.4,Canceled,Credit Card
O7258,C053,2023-11-06,P038,2,464,0.0,928.0,Canceled,Debit Card
O4105,C056,2023-01-02,P043,4,1996,15.0,6786.4,Canceled,PayPal
O9119,C095,2023-02-05,P025,3,1869,10.0,5046.3,Delivered,Credit Card
O6699,C025,2023-03-16,P006,3,2650,15.0,6757.5,Delivered,Credit Card
O8977,C028,2023-07-21,P004,4,986,5.0,3746.8,Delivered,Debit Card
O9796,C064,2023-12-21,P002,1,2426,15.0,2062.1,Canceled,PayPal
O9619,C019,2023-09-18,P038,1,464,0.0,464.0,Processing,Bank Transfer
O9054,C065,2023-11-02,P005,3,710,5.0,2023.5,Delivered,Credit Card
O5686,C062,2023-08-02,P043,4,1996,10.0,7185.6,Processing,Debit Card
O5055,C072,2023-06-04,P024,4,294,10.0,1058.4,Delivered,PayPal
O4543,C045,2023-06-20,P016,2,2176,15.0,3699.2,Delivered,PayPal
O7351,C021,2023-08-18,P022,1,1146,15.0,974.1,Canceled,Bank Transfer
O1157,C098,2023-09-23,P027,1,2923,10.0,2630.7,Canceled,Credit Card
O5066,C029,2023-11-20,P023,4,2267,15.0,7707.8,Delivered,PayPal
O4242,C098,2023-12-08,P027,2,2923,0.0,5846.0,Delivered,PayPal
O8421,C058,2023-07-18,P005,2,710,5.0,1349.0,Delivered,Credit Card
O5791,C011,2023-05-19,P040,4,2007,10.0,7225.2,Canceled,Bank Transfer
O5504,C040,2023-01-24,P003,5,2003,10.0,9013.5,Canceled,Bank Transfer
O8184,C002,2023-03-06,P018,3,1254,15.0,3197.7,Delivered,PayPal
O9769,C030,2023-07-02,P004,5,986,10.0,4437.0,Processing,Credit Card
O5909,C019,2023-09-21,P010,2,290,5.0,551.0,Delivered,Credit Card
O8378,C005,2023-04-04,P025,1,1869,5.0,1775.55,Processing,Bank Transfer
O6049,C058,2023-08-13,P036,4,1660,5.0,6308.0,Delivered,Debit Card
O1182,C067,2023-05-31,P024,5,294,10.0,1323.0,Processing,Bank Transfer
O9030,C093,2023-10-02,P050,1,659,5.0,626.05,Canceled,Credit Card
O4892,C039,2023-09-17,P021,2,2757,0.0,5514.0,Delivered,PayPal
O1823,C057,2023-05-31,P006,1,2650,5.0,2517.5,Processing,PayPal
O6715,C051,2023-11-15,P026,1,855,15.0,726.75,Processing,Debit Card
O9556,C001,2023-05-02,P008,2,2588,10.0,4658.4,Processing,Credit Card
O3547,C064,2023-03-05,P026,4,855,10.0,3078.0,Canceled,Credit Card
O1767,C089,2023-07-25,P038,1,464,15.0,394.4,Processing,Bank Transfer
O4170,C059,2023-06-09,P019,4,687,15.0,2335.8,Canceled,PayPal
O6407,C018,2023-09-26,P046,3,1476,5.0,4206.6,Delivered,PayPal
O3689,C003,2023-01-27,P007,5,2281,5.0,10834.75,Delivered,Debit Card
O6681,C004,2023-10-06,P003,5,2003,10.0,9013.5,Processing,Credit Card
O6081,C089,2023-12-16,P010,4,290,15.0,986.0,Canceled,Debit Card
O5800,C078,2023-05-04,P043,1,1996,0.0,1996.0,Processing,Credit Card
O1803,C004,2023-01-09,P040,5,2007,5.0,9533.25,Processing,Credit Card
O3801,C058,2023-08-14,P045,3,905,0.0,2715.0,Processing,Debit Card
O3916,C057,2023-02-13,P042,5,492,0.0,2460.0,Delivered,Bank Transfer
O4693,C002,2023-11-30,P033,5,2042,0.0,10210.0,Canceled,Debit Card
O2151,C096,2023-02-04,P032,3,137,15.0,349.35,Delivered,PayPal
O8726,C003,2023-02-25,P035,2,432,5.0,820.8,Processing,Credit Card
O7595,C048,2023-11-16,P005,3,710,5.0,2023.5,Processing,PayPal
O5018,C070,2023-09-23,P035,3,432,10.0,1166.4,Delivered,Debit Card
O7986,C073,2023-12-11,P007,2,2281,10.0,4105.8,Delivered,Bank Transfer
O6189,C052,2023-04-29,P024,4,294,10.0,1058.4,Delivered,Debit Card
O8274,C094,2023-05-08,P025,5,1869,0.0,9345.0,Delivered,Debit Card
O8087,C019,2023-05-22,P050,3,659,5.0,1878.15,Delivered,Bank Transfer
O9584,C008,2023-06-09,P019,1,687,0.0,687.0,Canceled,Debit Card
O1377,C034,2023-09-20,P005,4,710,15.0,2414.0,Processing,Credit Card
O7096,C095,2023-10-17,P027,4,2923,15.0,9938.2,Canceled,Credit Card
O1859,C092,2023-02-04,P042,2,492,5.0,934.8,Delivered,Bank Transfer
O5440,C035,2023-07-19,P039,2,2093,0.0,4186.0,Delivered,PayPal
O5498,C075,2023-11-09,P041,2,871,10.0,1567.8,Processing,PayPal
O3648,C087,2023-03-08,P032,3,137,0.0,411.0,Delivered,PayPal
O3792,C054,2023-12-23,P041,5,871,15.0,3701.75,Processing,Debit Card
O3798,C020,2023-06-11,P042,3,492,15.0,1254.6,Canceled,Bank Transfer
O9419,C041,2023-01-06,P031,1,2134,10.0,1920.6,Processing,Credit Card
O1233,C060,2023-09-22,P025,5,1869,5.0,8877.75,Processing,Bank Transfer
O4255,C022,2023-05-13,P016,5,2176,0.0,10880.0,Processing,Credit Card
O1098,C061,2023-08-29,P024,1,294,15.0,249.9,Canceled,Credit Card
O8319,C025,2023-11-02,P006,1,2650,5.0,2517.5,Delivered,Credit Card
O6658,C099,2023-02-09,P034,3,933,5.0,2659.05,Delivered,Debit Card
O8407,C008,2023-12-03,P032,2,137,10.0,246.6,Canceled,Debit Card
O8676,C028,2023-11-01,P024,4,294,0.0,1176.0,Processing,Credit Card
O2932,C047,2023-10-09,P004,4,986,15.0,3352.4,Processing,PayPal
O7339,C065,2023-07-24,P018,1,1254,15.0,1065.9,Delivered,PayPal
O6268,C071,2023-03-03,P011,2,2572,0.0,5144.0,Processing,PayPal
O7801,C031,2023-08-27,P004,2,986,0.0,1972.0,Canceled,PayPal
O1382,C054,2023-07-16,P043,4,1996,0.0,7984.0,Delivered,Credit Card
O8745,C071,2023-08-29,P017,1,2777,15.0,2360.45,Processing,PayPal
O4014,C065,2023-11-29,P045,3,905,10.0,2443.5,Processing,Debit Card
O4234,C055,2023-04-21,P035,4,432,5.0,1641.6,Canceled,Credit Card
O1879,C001,2023-02-11,P044,2,2277,15.0,3870.9,Delivered,Bank Transfer
O3299,C096,2023-02-10,P038,5,464,15.0,1972.0,Processing,Debit Card
O8572,C064,2023-05-03,P002,5,2426,5.0,11523.5,Delivered,Credit Card
O7727,C082,2023-12-21,P029,2,133,10.0,239.4,Delivered,Bank Transfer
O4718,C040,2023-03-04,P023,4,2267,0.0,9068.0,Delivered,Bank Transfer
O7631,C022,2023-10-05,P039,2,2093,15.0,3558.1,Canceled,Bank Transfer
O8795,C075,2023-08-05,P006,1,2650,0.0,2650.0,Delivered,Credit Card
O5113,C027,2023-12-02,P043,4,1996,0.0,7984.0,Delivered,Debit Card
O9822,C064,2023-06-03,P013,1,1633,0.0,1633.0,Processing,PayPal
O4443,C068,2023-09-06,P042,5,492,5.0,2337.0,Delivered,Credit Card
O1562,C035,2023-03-26,P034,1,933,5.0,886.35,Delivered,Debit Card
O7940,C033,2023-06-18,P027,5,2923,10.0,13153.5,Processing,PayPal
O9002,C057,2023-11-22,P016,1,2176,15.0,1849.6,Delivered,Credit Card
O5137,C073,2023-03-18,P050,4,659,0.0,2636.0,Canceled,Bank Transfer
O3320,C066,2023-07-22,P033,5,2042,0.0,10210.0,Delivered,PayPal
O9241,C083,2023-08-15,P020,3,1296,10.0,3499.2,Canceled,Bank Transfer
O5519,C087,2023-03-30,P041,1,871,15.0,740.35,Canceled,Bank Transfer
O4007,C028,2023-02-23,P003,5,2003,15.0,8512.75,Canceled,PayPal
O1893,C074,2023-09-20,P020,2,1296,0.0,2592.0,Delivered,PayPal
O2278,C006,2023-03-03,P044,1,2277,5.0,2163.15,Processing,Debit Card
O4850,C041,2023-08-20,P012,2,2153,5.0,4090.7,Delivered,Credit Card
O3581,C003,2023-03-12,P017,4,2777,5.0,10552.6,Processing,Credit Card
O1340,C060,2023-08-28,P049,1,1719,5.0,1633.05,Processing,Credit Card
O5426,C007,2023-06-13,P014,3,1317,10.0,3555.9,Delivered,PayPal
O7435,C029,2023-06-30,P024,3,294,15.0,749.7,Canceled,Bank Transfer
O1141,C083,2023-04-26,P011,2,2572,15.0,4372.4,Delivered,Debit Card
O7952,C095,2023-04-04,P050,2,659,5.0,1252.1,Canceled,Bank Transfer
O6246,C016,2023-10-30,P007,4,2281,10.0,8211.6,Delivered,Debit Card
O2717,C084,2023-03-02,P032,2,137,5.0,260.3,Processing,Debit Card
O5710,C097,2023-12-02,P034,5,933,5.0,4431.75,Canceled,Bank Transfer
O8579,C070,2023-02-03,P042,1,492,0.0,492.0,Delivered,Credit Card
O7135,C047,2023-11-14,P026,3,855,0.0,2565.0,Processing,Credit Card
O4199,C051,2023-12-23,P045,2,905,5.0,1719.5,Processing,Credit Card
O2563,C019,2023-08-13,P014,2,1317,10.0,2370.6,Canceled,Debit Card
O6394,C007,2023-08-03,P008,3,2588,10.0,6987.6,Delivered,Debit Card
O4225,C080,2023-03-02,P040,2,2007,10.0,3612.6,Processing,Bank Transfer
O9117,C097,2023-11-29,P040,5,2007,10.0,9031.5,Canceled,Debit Card
O1014,C050,2023-12-02,P004,3,986,10.0,2662.2,Canceled,Credit Card
O7954,C078,2023-04-05,P013,5,1633,5.0,7756.75,Canceled,PayPal
O2783,C065,2023-03-10,P018,1,1254,0.0,1254.0,Canceled,Debit Card
O7342,C051,2023-05-24,P039,4,2093,10.0,7534.8,Delivered,Credit Card
O8304,C024,2023-03-26,P031,2,2134,5.0,4054.6,Processing,Bank Transfer
O5250,C095,2023-01-26,P009,5,1877,0.0,9385.0,Canceled,Debit Card
O9973,C014,2023-09-06,P037,1,2661,10.0,2394.9,Processing,Credit Card
O9250,C085,2023-03-31,P046,5,1476,10.0,6642.0,Delivered,Credit Card
O6257,C075,2023-09-20,P017,2,2777,0.0,5554.0,Delivered,Debit Card
O2128,C012,2023-08-29,P025,2,1869,5.0,3551.1,Canceled,Bank Transfer
O1375,C096,2023-02-28,P037,1,2661,0.0,2661.0,Delivered,Debit Card
O8359,C099,2023-03-03,P025,4,1869,10.0,6728.4,Delivered,Credit Card
O4036,C040,2023-09-14,P032,3,137,10.0,369.9,Delivered,PayPal
O7210,C031,2023-11-23,P028,3,852,15.0,2172.6,Delivered,Credit Card
O7805,C097,2023-10-12,P001,2,161,5.0,305.9,Canceled,Bank Transfer
O4179,C001,2023-02-06,P014,3,1317,0.0,3951.0,Processing,PayPal
O8468,C012,2023-08-25,P005,3,710,15.0,1810.5,Processing,Credit Card
O7195,C092,2023-07-14,P005,1,710,15.0,603.5,Canceled,Debit Card
O3622,C047,2023-03-16,P036,2,1660,5.0,3154.0,Delivered,Credit Card
O8594,C016,2023-04-23,P029,1,133,0.0,133.0,Canceled,Debit Card
O9858,C001,2023-10-21,P013,3,1633,15.0,4164.15,Canceled,PayPal
O1648,C060,2023-11-01,P035,5,432,15.0,1836.0,Delivered,Credit Card
O1654,C012,2023-06-17,P026,3,855,0.0,2565.0,Processing,Credit Card
O5352,C093,2023-05-19,P028,3,852,0.0,2556.0,Delivered,PayPal
O3850,C090,2023-02-19,P037,3,2661,5.0,7583.85,Processing,Bank Transfer
O8745,C076,2023-07-11,P042,4,492,10.0,1771.2,Canceled,Bank Transfer
O7872,C001,2023-02-18,P031,1,2134,15.0,1813.9,Canceled,Debit Card
O5441,C079,2023-08-06,P028,1,852,10.0,766.8,Canceled,Debit Card
O2216,C048,2023-06-28,P018,3,1254,10.0,3385.8,Processing,Credit Card
O1380,C055,2023-11-19,P032,4,137,10.0,493.2,Delivered,Bank Transfer
O2550,C032,2023-12-28,P037,1,2661,0.0,2661.0,Canceled,Bank Transfer
O6604,C064,2023-01-12,P028,1,852,15.0,724.2,Processing,Credit Card
O6979,C007,2023-08-30,P014,4,1317,10.0,4741.2,Canceled,Debit Card
O7227,C055,2023-10-10,P007,3,2281,0.0,6843.0,Delivered,Bank Transfer
O1589,C099,2023-02-04,P043,2,1996,10.0,3592.8,Canceled,Credit Card
O9720,C058,2023-10-26,P007,4,2281,5.0,8667.8,Processing,Debit Card
O2732,C078,2023-10-28,P025,5,1869,15.0,7943.25,Canceled,Bank Transfer
O7708,C079,2023-03-28,P029,3,133,0.0,399.0,Processing,PayPal
O9694,C064,2023-09-15,P001,3,161,15.0,410.55,Processing,Debit Card
O6409,C015,2023-05-30,P003,1,2003,15.0,1702.55,Processing,Debit Card
O7621,C078,2023-05-20,P031,4,2134,0.0,8536.0,Processing,Credit Card
O5440,C093,2023-12-23,P033,1,2042,0.0,2042.0,Delivered,Bank Transfer
O1769,C094,2023-10-05,P035,3,432,5.0,1231.2,Processing,Bank Transfer
O5013,C096,2023-07-30,P041,1,871,10.0,783.9,Processing,Bank Transfer
O1187,C051,2023-05-25,P030,1,2627,10.0,2364.3,Processing,PayPal
O2889,C084,2023-03-09,P013,5,1633,10.0,7348.5,Delivered,Credit Card
O8317,C019,2023-06-12,P001,1,161,5.0,152.95,Processing,PayPal
O2274,C075,2023-03-03,P039,2,2093,15.0,3558.1,Canceled,Credit Card
O1911,C093,2023-04-28,P025,2,1869,0.0,3738.0,Processing,Debit Card
O6132,C048,2023-02-17,P048,4,2673,10.0,9622.8,Canceled,PayPal
O8661,C096,2023-10-06,P046,2,1476,10.0,2656.8,Canceled,Debit Card
O7347,C036,2023-02-06,P004,3,986,10.0,2662.2,Delivered,PayPal
O8719,C021,2023-02-28,P017,3,2777,0.0,8331.0,Processing,Bank Transfer
O5189,C017,2023-06-28,P039,5,2093,0.0,10465.0,Processing,Debit Card
O1574,C010,2023-06-18,P050,1,659,15.0,560.15,Processing,PayPal
O3453,C047,2023-02-11,P020,4,1296,15.0,4406.4,Delivered,Debit Card
O9313,C045,2023-07-16,P011,4,2572,15.0,8744.8,Canceled,Bank Transfer
O6351,C058,2023-11-30,P050,2,659,5.0,1252.1,Processing,Credit Card
O9400,C098,2023-12-22,P026,2,855,5.0,1624.5,Delivered,Bank Transfer
O4125,C079,2023-03-04,P024,5,294,0.0,1470.0,Canceled,Credit Card
O4361,C076,2023-12-18,P029,4,133,5.0,505.4,Canceled,Bank Transfer
O1742,C061,2023-02-07,P017,4,2777,15.0,9441.8,Processing,PayPal
O8280,C003,2023-07-02,P030,1,2627,0.0,2627.0,Processing,Bank Transfer
O6578,C056,2023-03-27,P041,5,871,10.0,3919.5,Processing,Credit Card
O4866,C028,2023-03-18,P038,4,464,0.0,1856.0,Canceled,Bank Transfer
O8366,C067,2023-12-16,P042,3,492,10.0,1328.4,Canceled,Credit Card
O6339,C052,2023-09-09,P043,5,1996,10.0,8982.0,Processing,Bank Transfer
O2252,C090,2023-04-18,P020,4,1296,0.0,5184.0,Canceled,PayPal
O4097,C022,2023-07-05,P043,3,1996,0.0,5988.0,Delivered,PayPal
O3680,C032,2023-08-13,P015,4,2419,10.0,8708.4,Processing,Bank Transfer
O3343,C033,2023-09-17,P006,4,2650,0.0,10600.0,Canceled,Credit Card
O1405,C025,2023-08-12,P026,2,855,5.0,1624.5,Processing,Debit Card
O2403,C022,2023-07-17,P005,1,710,5.0,674.5,Processing,Debit Card
O7329,C093,2023-06-15,P001,4,161,0.0,644.0,Canceled,Credit Card
O1465,C091,2023-01-20,P023,2,2267,15.0,3853.9,Canceled,Credit Card
O1797,C082,2023-01-04,P001,5,161,5.0,764.75,Canceled,PayPal
O2154,C100,2023-10-28,P025,2,1869,15.0,3177.3,Delivered,PayPal
O4562,C078,2023-11-05,P022,2,1146,0.0,2292.0,Processing,Debit Card
O2637,C071,2023-11-09,P006,3,2650,5.0,7552.5,Canceled,Credit Card
O1958,C037,2023-04-13,P013,2,1633,15.0,2776.1,Processing,Debit Card
O6775,C083,2023-10-02,P037,5,2661,10.0,11974.5,Processing,PayPal
O8092,C044,2023-09-30,P013,4,1633,15.0,5552.2,Processing,PayPal
O4158,C031,2023-08-24,P042,3,492,5.0,1402.2,Processing,Bank Transfer
O6899,C017,2023-11-03,P037,2,2661,10.0,4789.8,Delivered,Bank Transfer
O5458,C067,2023-04-25,P045,1,905,15.0,769.25,Delivered,Debit Card
O5031,C026,2023-02-27,P046,4,1476,15.0,5018.4,Processing,PayPal
O6193,C057,2023-02-20,P016,2,2176,0.0,4352.0,Processing,Debit Card
O3208,C084,2023-02-05,P031,2,2134,0.0,4268.0,Canceled,Bank Transfer
O7965,C060,2023-06-28,P016,5,2176,15.0,9248.0,Canceled,Bank Transfer
O6640,C091,2023-06-22,P044,4,2277,15.0,7741.8,Canceled,Debit Card
O1711,C055,2023-01-16,P021,1,2757,10.0,2481.3,Delivered,PayPal
O3396,C023,2023-10-05,P036,4,1660,0.0,6640.0,Delivered,PayPal
O4270,C091,2023-07-20,P035,4,432,10.0,1555.2,Processing,Credit Card
O9408,C046,2023-11-20,P018,2,1254,15.0,2131.8,Delivered,Debit Card
O7344,C041,2023-10-25,P024,5,294,15.0,1249.5,Canceled,PayPal
O7186,C085,2023-07-16,P010,2,290,5.0,551.0,Canceled,Credit Card
O7876,C038,2023-03-07,P023,3,2267,15.0,5780.85,Canceled,Debit Card
O9906,C021,2023-08-01,P048,3,2673,0.0,8019.0,Canceled,PayPal
O2015,C006,2023-02-25,P024,3,294,0.0,882.0,Delivered,Bank Transfer
O8498,C086,2023-08-01,P006,3,2650,0.0,7950.0,Canceled,PayPal
O5496,C019,2023-11-24,P046,2,1476,5.0,2804.4,Processing,Debit Card
O7177,C029,2023-04-18,P039,2,2093,10.0,3767.4,Delivered,Debit Card
O4162,C077,2023-11-28,P003,4,2003,5.0,7611.4,Canceled,Debit Card
O7752,C004,2023-06-13,P018,3,1254,10.0,3385.8,Processing,Credit Card
O5246,C055,2023-07-20,P012,1,2153,5.0,2045.35,Canceled,Credit Card
O1525,C046,2023-11-21,P036,3,1660,15.0,4233.0,Delivered,Bank Transfer
O5125,C086,2023-11-07,P046,2,1476,5.0,2804.4,Canceled,Credit Card
O9450,C037,2023-05-20,P048,5,2673,0.0,13365.0,Canceled,Debit Card
O8075,C094,2023-09-02,P016,1,2176,10.0,1958.4,Processing,PayPal
O7502,C068,2023-02-05,P014,2,1317,5.0,2502.3,Delivered,Debit Card
O1609,C013,2023-12-08,P048,5,2673,5.0,12696.75,Processing,Bank Transfer
O1164,C003,2023-12-22,P001,4,161,5.0,611.8,Canceled,PayPal
O8425,C017,2023-10-28,P020,2,1296,5.0,2462.4,Delivered,PayPal
O5319,C067,2023-05-17,P019,3,687,0.0,2061.0,Delivered,Bank Transfer
O4244,C070,2023-03-06,P046,2,1476,5.0,2804.4,Delivered,Credit Card
O2821,C069,2023-12-28,P020,3,1296,15.0,3304.8,Delivered,Bank Transfer
O6811,C093,2023-10-23,P017,5,2777,10.0,12496.5,Canceled,Credit Card
O7102,C016,2023-03-20,P045,1,905,5.0,859.75,Canceled,PayPal
O8243,C038,2023-04-27,P026,5,855,10.0,3847.5,Delivered,Bank Transfer
O5507,C002,2023-01-09,P013,2,1633,15.0,2776.1,Processing,PayPal
O7013,C010,2023-03-13,P041,2,871,10.0,1567.8,Processing,Bank Transfer
O3941,C023,2023-08-29,P035,2,432,10.0,777.6,Delivered,PayPal
O8990,C001,2023-12-28,P006,4,2650,10.0,9540.0,Delivered,Debit Card
O9248,C058,2023-05-13,P025,3,1869,0.0,5607.0,Delivered,Debit Card
O8848,C096,2023-12-28,P032,4,137,15.0,465.8,Canceled,Bank Transfer
O3432,C048,2023-01-15,P043,2,1996,15.0,3393.2,Processing,Bank Transfer
O3352,C081,2023-08-05,P047,5,2253,10.0,10138.5,Delivered,Debit Card
O9268,C003,2023-01-30,P034,4,933,15.0,3172.2,Processing,PayPal
O2987,C023,2023-07-28,P041,3,871,10.0,2351.7,Canceled,Bank Transfer
O6183,C006,2023-11-14,P019,3,687,10.0,1854.9,Canceled,Credit Card
O5523,C065,2023-09-27,P004,2,986,0.0,1972.0,Delivered,Bank Transfer
O2567,C074,2023-08-07,P003,4,2003,10.0,7210.8,Delivered,Credit Card
O6628,C064,2023-11-10,P029,4,133,0.0,532.0,Delivered,Debit Card
O3144,C095,2023-05-01,P032,3,137,15.0,349.35,Processing,Bank Transfer
O4764,C071,2023-02-22,P049,3,1719,5.0,4899.15,Processing,Debit Card
O1227,C045,2023-10-31,P033,5,2042,0.0,10210.0,Canceled,Bank Transfer
O8818,C048,2023-03-25,P004,1,986,5.0,936.7,Canceled,PayPal
O7509,C093,2023-06-16,P022,1,1146,15.0,974.1,Canceled,Bank Transfer
O8776,C078,2023-11-08,P040,1,2007,5.0,1906.65,Canceled,Bank Transfer
O6170,C020,2023-12-03,P001,5,161,5.0,764.75,Delivered,Bank Transfer
O3670,C049,2023-07-24,P018,2,1254,5.0,2382.6,Processing,Credit Card
O1022,C077,2023-06-12,P041,3,871,10.0,2351.7,Processing,Debit Card
O7699,C032,2023-07-06,P030,4,2627,0.0,10508.0,Canceled,PayPal
O9821,C023,2023-08-06,P027,4,2923,15.0,9938.2,Canceled,Bank Transfer
O7373,C040,2023-12-16,P019,4,687,10.0,2473.2,Processing,PayPal
O7471,C010,2023-06-15,P021,1,2757,0.0,2757.0,Processing,Credit Card
O8336,C011,2023-06-28,P018,2,1254,10.0,2257.2,Delivered,Credit Card
O4391,C009,2023-04-28,P037,5,2661,5.0,12639.75,Canceled,Credit Card
O7449,C027,2023-06-11,P019,1,687,15.0,583.95,Canceled,Credit Card
O5740,C035,2023-09-13,P013,2,1633,10.0,2939.4,Processing,Debit Card
O9408,C071,2023-05-31,P006,2,2650,10.0,4770.0,Canceled,PayPal
O2973,C064,2023-03-19,P033,4,2042,15.0,6942.8,Canceled,Credit Card
O3134,C019,2023-07-17,P041,2,871,0.0,1742.0,Canceled,Credit Card
O5945,C006,2023-01-11,P041,2,871,0.0,1742.0,Canceled,Bank Transfer
O1634,C060,2023-10-18,P037,5,2661,10.0,11974.5,Processing,Credit Card
O5140,C040,2023-09-13,P025,3,1869,15.0,4765.95,Canceled,Bank Transfer
O1339,C055,2023-07-01,P039,5,2093,15.0,8895.25,Processing,Bank Transfer
O3559,C083,2023-02-20,P021,4,2757,15.0,9373.8,Processing,Bank Transfer
O7237,C051,2023-11-26,P023,3,2267,15.0,5780.85,Canceled,Credit Card
O9139,C049,2023-08-29,P014,3,1317,5.0,3753.45,Delivered,Credit Card
O1398,C078,2023-09-01,P028,4,852,5.0,3237.6,Delivered,Bank Transfer
O4623,C006,2023-08-09,P016,3,2176,15.0,5548.8,Processing,Credit Card
O3423,C033,2023-09-13,P004,2,986,10.0,1774.8,Canceled,Debit Card
O9068,C029,2023-08-10,P030,3,2627,15.0,6698.85,Delivered,PayPal
O6560,C042,2023-02-15,P034,2,933,10.0,1679.4,Delivered,Bank Transfer
O8922,C086,2023-12-30,P010,3,290,15.0,739.5,Delivered,Credit Card
O8079,C050,2023-10-10,P027,2,2923,10.0,5261.4,Canceled,PayPal
O2493,C060,2023-11-02,P039,1,2093,15.0,1779.05,Delivered,PayPal
O8147,C011,2023-11-08,P013,3,1633,0.0,4899.0,Canceled,Debit Card
O2338,C085,2023-04-05,P007,4,2281,15.0,7755.4,Delivered,PayPal
O9994,C076,2023-11-18,P046,3,1476,10.0,3985.2,Processing,PayPal
O8367,C040,2023-10-13,P032,2,137,15.0,232.9,Processing,Debit Card
O2719,C037,2023-08-30,P010,4,290,5.0,1102.0,Processing,Debit Card
O4158,C010,2023-04-22,P025,1,1869,10.0,1682.1,Delivered,Debit Card
O3771,C065,2023-02-21,P027,5,2923,5.0,13884.25,Canceled,PayPal
O6913,C086,2023-07-25,P032,4,137,5.0,520.6,Processing,Credit Card
O6656,C004,2023-01-11,P033,5,2042,15.0,8678.5,Canceled,PayPal
O2167,C080,2023-07-29,P014,3,1317,5.0,3753.45,Canceled,Bank Transfer
O8886,C036,2023-04-15,P044,1,2277,0.0,2277.0,Delivered,PayPal
O8251,C027,2023-03-22,P040,1,2007,15.0,1705.95,Delivered,Credit Card
O5018,C057,2023-05-05,P039,4,2093,5.0,7953.4,Processing,Debit Card
O4845,C037,2023-06-17,P010,5,290,5.0,1377.5,Delivered,Debit Card
O1346,C092,2023-07-14,P013,4,1633,15.0,5552.2,Processing,Bank Transfer
O6787,C093,2023-07-10,P004,2,986,0.0,1972.0,Canceled,Debit Card
O2210,C011,2023-07-07,P021,5,2757,0.0,13785.0,Processing,Bank Transfer
O8958,C004,2023-12-04,P023,4,2267,5.0,8614.6,Canceled,Credit Card
O9911,C042,2023-11-05,P048,2,2673,5.0,5078.7,Processing,Bank Transfer
O2610,C005,2023-10-19,P004,1,986,10.0,887.4,Delivered,Debit Card
O5514,C070,2023-09-14,P050,1,659,5.0,626.05,Processing,Debit Card
O1676,C094,2023-01-14,P037,2,2661,0.0,5322.0,Processing,Debit Card
O8064,C083,2023-09-04,P022,5,1146,5.0,5443.5,Delivered,PayPal
O1345,C007,2023-07-18,P047,1,2253,10.0,2027.7,Processing,PayPal
O8766,C092,2023-06-15,P037,1,2661,15.0,2261.85,Delivered,Credit Card
O1476,C017,2023-12-11,P023,5,2267,15.0,9634.75,Processing,Debit Card
O7008,C082,2023-04-15,P005,1,710,0.0,710.0,Delivered,Debit Card
O5288,C066,2023-08-05,P032,4,137,10.0,493.2,Delivered,Debit Card
O6589,C094,2023-09-25,P045,2,905,10.0,1629.0,Delivered,PayPal
O9590,C021,2023-02-22,P010,5,290,0.0,1450.0,Processing,Debit Card
O8676,C028,2023-11-19,P047,5,2253,15.0,9575.25,Canceled,Bank Transfer
O8876,C045,2023-07-21,P045,4,905,5.0,3439.0,Delivered,Debit Card
O8069,C081,2023-09-03,P024,3,294,0.0,882.0,Processing,Credit Card
O3031,C075,2023-10-14,P002,5,2426,10.0,10917.0,Processing,Bank Transfer
O2352,C089,2023-08-29,P025,2,1869,5.0,3551.1,Canceled,Debit Card
O5373,C020,2023-12-13,P043,2,1996,0.0,3992.0,Canceled,Bank Transfer
O5964,C041,2023-08-25,P011,3,2572,10.0,6944.4,Canceled,PayPal
O5396,C041,2023-07-31,P027,3,2923,15.0,7453.65,Canceled,Bank Transfer
O8564,C025,2023-08-08,P024,4,294,10.0,1058.4,Canceled,Debit Card
O4295,C056,2023-01-02,P022,4,1146,5.0,4354.8,Delivered,Debit Card
O7734,C027,2023-02-08,P038,4,464,0.0,1856.0,Processing,PayPal
O6322,C083,2023-04-02,P033,4,2042,10.0,7351.2,Delivered,PayPal
O2585,C009,2023-09-08,P021,2,2757,0.0,5514.0,Delivered,Bank Transfer
O6014,C009,2023-01-19,P015,1,2419,15.0,2056.15,Processing,Credit Card
O5473,C083,2023-05-14,P036,4,1660,10.0,5976.0,Canceled,Debit Card
O6643,C035,2023-02-24,P015,2,2419,10.0,4354.2,Canceled,Bank Transfer
O7910,C086,2023-06-12,P034,2,933,15.0,1586.1,Canceled,PayPal
O6098,C027,2023-09-10,P009,1,1877,0.0,1877.0,Canceled,Credit Card
O4922,C076,2023-12-10,P017,1,2777,10.0,2499.3,Delivered,PayPal
O1498,C091,2023-01-30,P037,5,2661,10.0,11974.5,Delivered,Bank Transfer
O6528,C020,2023-09-19,P014,5,1317,15.0,5597.25,Delivered,PayPal
O9261,C099,2023-04-12,P045,2,905,0.0,1810.0,Canceled,PayPal
O6094,C053,2023-01-21,P031,1,2134,15.0,1813.9,Delivered,Debit Card
O9183,C075,2023-05-15,P022,1,1146,15.0,974.1,Processing,Bank Transfer
O3857,C008,2023-07-31,P031,2,2134,0.0,4268.0,Processing,Debit Card
O6839,C018,2023-02-01,P027,1,2923,5.0,2776.85,Processing,Credit Card
O6526,C011,2023-02-07,P024,4,294,5.0,1117.2,Delivered,Credit Card
O7862,C025,2023-12-13,P016,5,2176,5.0,10336.0,Canceled,Bank Transfer
O9660,C094,2023-01-04,P016,2,2176,0.0,4352.0,Delivered,Credit Card
O2740,C067,2023-01-18,P036,4,1660,5.0,6308.0,Canceled,Bank Transfer
O3810,C003,2023-09-13,P024,2,294,0.0,588.0,Delivered,Debit Card
O9973,C036,2023-07-05,P007,1,2281,0.0,2281.0,Canceled,Debit Card
O5848,C039,2023-02-17,P041,2,871,5.0,1654.9,Processing,Debit Card
O3392,C014,2023-08-24,P006,2,2650,15.0,4505.0,Processing,Bank Transfer
O7710,C027,2023-04-18,P006,5,2650,0.0,13250.0,Canceled,Debit Card
O8457,C004,2023-08-05,P016,5,2176,0.0,10880.0,Canceled,Bank Transfer
O3670,C076,2023-06-19,P011,5,2572,5.0,12217.0,Processing,Debit Card
O9682,C023,2023-10-21,P035,5,432,5.0,2052.0,Processing,PayPal
O9445,C030,2023-07-07,P001,5,161,5.0,764.75,Processing,PayPal
O1396,C056,2023-12-03,P044,5,2277,5.0,10815.75,Canceled,Bank Transfer
O5944,C029,2023-01-04,P016,1,2176,5.0,2067.2,Processing,PayPal
O5832,C016,2023-09-05,P038,4,464,15.0,1577.6,Delivered,PayPal
O1674,C053,2023-10-24,P022,5,1146,0.0,5730.0,Canceled,Debit Card
O8030,C016,2023-07-06,P033,2,2042,10.0,3675.6,Delivered,Debit Card
O4954,C088,2023-06-17,P020,1,1296,15.0,1101.6,Delivered,Bank Transfer
O2580,C079,2023-05-08,P028,1,852,15.0,724.2,Canceled,PayPal
O6491,C056,2023-04-20,P011,2,2572,15.0,4372.4,Processing,Credit Card
O3072,C042,2023-12-03,P007,2,2281,5.0,4333.9,Canceled,Bank Transfer
O6621,C017,2023-02-01,P025,1,1869,15.0,1588.65,Processing,Debit Card
O7429,C063,2023-08-23,P041,5,871,0.0,4355.0,Canceled,Credit Card
O6295,C060,2023-10-12,P045,4,905,10.0,3258.0,Canceled,Debit Card
O8099,C060,2023-02-27,P019,1,687,0.0,687.0,Delivered,PayPal
O9800,C074,2023-08-19,P043,3,1996,5.0,5688.6,Processing,Debit Card
O8862,C060,2023-05-05,P039,5,2093,10.0,9418.5,Canceled,Bank Transfer
O3787,C028,2023-11-15,P048,1,2673,10.0,2405.7,Delivered,Bank Transfer
O4424,C037,2023-12-16,P045,5,905,15.0,3846.25,Processing,PayPal
O1110,C031,2023-05-26,P033,4,2042,15.0,6942.8,Processing,PayPal
O2910,C017,2023-04-09,P048,1,2673,5.0,2539.35,Delivered,Debit Card
O2211,C097,2023-10-31,P044,3,2277,15.0,5806.35,Canceled,Bank Transfer
O9955,C084,2023-08-22,P050,2,659,5.0,1252.1,Delivered,Credit Card
O2901,C044,2023-12-04,P035,5,432,15.0,1836.0,Processing,Credit Card
O5811,C013,2023-01-24,P022,4,1146,10.0,4125.6,Processing,Debit Card
O1404,C081,2023-06-21,P046,1,1476,5.0,1402.2,Delivered,PayPal
O2803,C001,2023-11-04,P027,1,2923,15.0,2484.55,Processing,PayPal
O1100,C002,2023-05-06,P028,5,852,0.0,4260.0,Delivered,Debit Card
O4974,C038,2023-12-10,P047,2,2253,10.0,4055.4,Delivered,PayPal
O7075,C002,2023-03-22,P049,5,1719,15.0,7305.75,Canceled,Debit Card
O6224,C058,2023-10-23,P033,1,2042,15.0,1735.7,Delivered,Credit Card
O5605,C005,2023-07-20,P043,3,1996,10.0,5389.2,Canceled,Credit Card
O2437,C038,2023-04-23,P016,2,2176,0.0,4352.0,Canceled,Bank Transfer
O4948,C064,2023-03-15,P022,5,1146,10.0,5157.0,Canceled,Credit Card
O1813,C025,2023-09-04,P047,2,2253,5.0,4280.7,Canceled,Credit Card
O8400,C091,2023-03-21,P017,4,2777,10.0,9997.2,Delivered,PayPal
O4183,C071,2023-07-15,P019,5,687,5.0,3263.25,Delivered,Bank Transfer
O3385,C073,2023-12-03,P005,4,710,5.0,2698.0,Processing,Debit Card
O9540,C055,2023-09-06,P033,3,2042,5.0,5819.7,Processing,Credit Card
O2965,C062,2023-02-06,P008,2,2588,15.0,4399.6,Canceled,Debit Card
O2440,C070,2023-12-22,P021,2,2757,15.0,4686.9,Processing,PayPal
O9467,C086,2023-09-03,P047,1,2253,15.0,1915.05,Canceled,Credit Card
O7794,C049,2023-04-21,P011,4,2572,5.0,9773.6,Delivered,Credit Card
O7027,C075,2023-06-01,P045,4,905,0.0,3620.0,Canceled,Credit Card
O6490,C086,2023-05-24,P003,1,2003,15.0,1702.55,Delivered,Debit Card
O7252,C083,2023-08-12,P004,3,986,10.0,2662.2,Processing,PayPal
O6894,C033,2023-09-03,P009,1,1877,15.0,1595.45,Processing,Debit Card
O9057,C091,2023-02-21,P016,4,2176,0.0,8704.0,Delivered,Credit Card
O5232,C093,2023-06-18,P016,3,2176,0.0,6528.0,Canceled,PayPal
O3202,C022,2023-12-09,P006,4,2650,0.0,10600.0,Canceled,Bank Transfer
O4393,C066,2023-04-11,P022,5,1146,0.0,5730.0,Canceled,Bank Transfer
O6576,C048,2023-02-16,P009,1,1877,10.0,1689.3,Processing,Bank Transfer
O8252,C026,2023-02-08,P007,3,2281,5.0,6500.85,Delivered,Credit Card
O5965,C068,2023-11-21,P022,3,1146,10.0,3094.2,Canceled,PayPal
O4652,C071,2023-05-28,P003,2,2003,10.0,3605.4,Delivered,PayPal
O2988,C036,2023-09-26,P033,5,2042,15.0,8678.5,Delivered,Debit Card
O3117,C099,2023-07-23,P024,2,294,10.0,529.2,Processing,Credit Card
O9895,C025,2023-11-11,P016,5,2176,5.0,10336.0,Processing,PayPal
O2778,C068,2023-11-17,P035,5,432,15.0,1836.0,Delivered,Bank Transfer
O1142,C049,2023-10-03,P042,3,492,5.0,1402.2,Canceled,Credit Card
O5332,C041,2023-01-27,P024,5,294,0.0,1470.0,Processing,Bank Transfer
O4677,C066,2023-11-09,P009,4,1877,0.0,7508.0,Canceled,Debit Card
O1278,C045,2023-10-14,P050,2,659,15.0,1120.3,Processing,PayPal
O4934,C015,2023-10-15,P036,4,1660,15.0,5644.0,Processing,Credit Card
O5060,C008,2023-04-22,P015,1,2419,15.0,2056.15,Delivered,Credit Card
O4891,C043,2023-10-22,P008,5,2588,15.0,10999.0,Canceled,Credit Card
O8618,C050,2023-05-20,P026,1,855,15.0,726.75,Canceled,Bank Transfer
O6554,C011,2023-12-30,P044,4,2277,0.0,9108.0,Processing,PayPal
O4874,C015,2023-03-19,P047,5,2253,10.0,10138.5,Delivered,Debit Card
O2812,C067,2023-10-26,P014,1,1317,15.0,1119.45,Canceled,PayPal
O8395,C052,2023-07-21,P034,4,933,0.0,3732.0,Canceled,Debit Card
O4938,C061,2023-02-18,P020,4,1296,5.0,4924.8,Canceled,Bank Transfer
O6049,C038,2023-02-02,P044,3,2277,5.0,6489.45,Delivered,Debit Card
O3311,C010,2023-10-05,P023,1,2267,0.0,2267.0,Delivered,Debit Card
O7243,C021,2023-10-14,P014,4,1317,5.0,5004.6,Processing,Debit Card
O6797,C062,2023-05-23,P041,2,871,15.0,1480.7,Delivered,Debit Card
O1691,C061,2023-02-22,P020,2,1296,5.0,2462.4,Delivered,PayPal
O4711,C024,2023-05-19,P046,4,1476,0.0,5904.0,Delivered,PayPal
O4401,C057,2023-04-02,P041,2,871,10.0,1567.8,Processing,PayPal
O4285,C008,2023-11-16,P038,3,464,0.0,1392.0,Processing,Credit Card
O8288,C016,2023-05-07,P020,4,1296,15.0,4406.4,Delivered,Credit Card
O2807,C049,2023-08-29,P001,3,161,10.0,434.7,Canceled,PayPal
O8931,C084,2023-06-16,P011,4,2572,5.0,9773.6,Canceled,Bank Transfer
O9281,C024,2023-08-27,P045,5,905,0.0,4525.0,Canceled,Debit Card
O4153,C055,2023-07-04,P037,3,2661,10.0,7184.7,Processing,Credit Card
O7116,C088,2023-03-27,P043,4,1996,15.0,6786.4,Delivered,Bank Transfer
O2393,C026,2023-06-03,P024,2,294,15.0,499.8,Canceled,Bank Transfer
O9711,C045,2023-10-30,P010,4,290,0.0,1160.0,Canceled,Credit Card
O6560,C011,2023-01-16,P018,1,1254,0.0,1254.0,Canceled,Bank Transfer
O9385,C018,2023-11-27,P013,5,1633,15.0,6940.25,Canceled,Debit Card
O6336,C037,2023-07-09,P034,3,933,5.0,2659.05,Processing,Debit Card
O1355,C070,2023-03-19,P023,4,2267,0.0,9068.0,Processing,PayPal
O1799,C079,2023-01-08,P011,1,2572,15.0,2186.2,Delivered,Credit Card
O9959,C099,2023-04-10,P049,2,1719,15.0,2922.3,Delivered,PayPal
O6875,C051,2023-04-13,P033,4,2042,0.0,8168.0,Processing,PayPal
O4062,C066,2023-07-23,P014,5,1317,15.0,5597.25,Processing,Bank Transfer
O5172,C041,2023-03-03,P042,5,492,10.0,2214.0,Canceled,Credit Card
O8837,C059,2023-11-01,P045,3,905,5.0,2579.25,Delivered,Debit Card
O6224,C057,2023-06-16,P043,5,1996,0.0,9980.0,Processing,Credit Card
O4579,C023,2023-01-24,P006,2,2650,0.0,5300.0,Canceled,Bank Transfer
O2079,C018,2023-01-08,P008,5,2588,5.0,12293.0,Delivered,Debit Card
O7284,C009,2023-01-28,P045,1,905,10.0,814.5,Processing,Bank Transfer
O9982,C006,2023-08-30,P046,2,1476,15.0,2509.2,Canceled,Credit Card
O1443,C084,2023-05-30,P043,5,1996,10.0,8982.0,Canceled,PayPal
O5134,C068,2023-12-23,P041,5,871,15.0,3701.75,Canceled,PayPal
O5836,C076,2023-02-05,P014,3,1317,15.0,3358.35,Processing,Bank Transfer
O2993,C064,2023-04-13,P033,4,2042,0.0,8168.0,Processing,Bank Transfer
O9770,C051,2023-03-18,P034,5,933,5.0,4431.75,Delivered,Debit Card
O2987,C085,2023-02-16,P010,1,290,0.0,290.0,Processing,Bank Transfer
O6054,C091,2023-12-17,P004,3,986,5.0,2810.1,Delivered,PayPal
O6680,C018,2023-09-19,P013,4,1633,0.0,6532.0,Delivered,Credit Card
O1177,C095,2023-10-04,P021,2,2757,10.0,4962.6,Processing,Bank Transfer
O4544,C015,2023-08-21,P041,4,871,10.0,3135.6,Canceled,Bank Transfer
O3978,C076,2023-12-07,P046,4,1476,5.0,5608.8,Delivered,PayPal
O3506,C093,2023-12-27,P027,4,2923,10.0,10522.8,Canceled,PayPal
O3292,C051,2023-09-21,P050,5,659,0.0,3295.0,Processing,PayPal
O4772,C012,2023-06-09,P010,1,290,0.0,290.0,Processing,Debit Card
O2051,C096,2023-06-09,P032,3,137,10.0,369.9,Delivered,Debit Card
O8092,C049,2023-09-14,P040,4,2007,0.0,8028.0,Processing,Credit Card
O3795,C007,2023-06-13,P023,1,2267,10.0,2040.3,Canceled,PayPal
O3613,C095,2023-10-12,P026,2,855,10.0,1539.0,Canceled,Credit Card
O3054,C067,2023-02-28,P034,3,933,5.0,2659.05,Delivered,Bank Transfer
O3974,C042,2023-02-01,P030,5,2627,5.0,12478.25,Canceled,Bank Transfer
O6966,C032,2023-06-17,P047,4,2253,10.0,8110.8,Canceled,PayPal
O4600,C019,2023-03-03,P030,2,2627,5.0,4991.3,Canceled,Credit Card
O7175,C033,2023-08-07,P036,1,1660,15.0,1411.0,Canceled,Debit Card
O4983,C018,2023-08-26,P012,4,2153,0.0,8612.0,Delivered,PayPal
O1466,C037,2023-09-15,P034,2,933,10.0,1679.4,Processing,Bank Transfer
O5145,C043,2023-06-02,P028,1,852,5.0,809.4,Delivered,PayPal
O8088,C080,2023-07-28,P050,4,659,0.0,2636.0,Processing,PayPal
O4509,C031,2023-04-23,P033,2,2042,0.0,4084.0,Delivered,Credit Card
O9777,C091,2023-04-17,P025,4,1869,10.0,6728.4,Canceled,Debit Card
O8549,C078,2023-06-09,P046,3,1476,0.0,4428.0,Canceled,Credit Card
O8239,C028,2023-08-20,P014,1,1317,0.0,1317.0,Processing,Debit Card
O3326,C070,2023-09-06,P018,4,1254,15.0,4263.6,Canceled,PayPal
O4278,C067,2023-05-17,P041,2,871,5.0,1654.9,Canceled,Debit Card
O2656,C004,2023-09-08,P005,5,710,0.0,3550.0,Canceled,Bank Transfer
O5601,C017,2023-02-07,P032,1,137,15.0,116.45,Canceled,PayPal
O5882,C027,2023-06-03,P048,3,2673,10.0,7217.1,Canceled,PayPal
O5054,C082,2023-03-03,P049,3,1719,15.0,4383.45,Canceled,Credit Card
O6537,C068,2023-05-06,P023,3,2267,15.0,5780.85,Canceled,PayPal
O9540,C002,2023-06-24,P020,2,1296,5.0,2462.4,Delivered,Debit Card
O1960,C023,2023-05-23,P042,2,492,10.0,885.6,Canceled,Credit Card
O3850,C040,2023-10-10,P038,3,464,0.0,1392.0,Delivered,Debit Card
O7099,C047,2023-07-05,P037,4,2661,15.0,9047.4,Processing,Credit Card
O9307,C026,2023-10-12,P016,3,2176,10.0,5875.2,Delivered,Bank Transfer
O6424,C014,2023-06-30,P032,3,137,15.0,349.35,Processing,Bank Transfer
O6179,C095,2023-11-05,P011,1,2572,5.0,2443.4,Delivered,Bank Transfer
O1135,C057,2023-07-16,P005,5,710,5.0,3372.5,Delivered,Bank Transfer
O6905,C062,2023-03-28,P014,3,1317,10.0,3555.9,Canceled,Bank Transfer
O2208,C042,2023-08-06,P030,5,2627,15.0,11164.75,Delivered,Bank Transfer
O4294,C052,2023-01-23,P045,5,905,15.0,3846.25,Processing,Debit Card
O8973,C029,2023-07-11,P013,2,1633,0.0,3266.0,Canceled,Debit Card
O5970,C013,2023-09-13,P036,1,1660,5.0,1577.0,Processing,Bank Transfer
O5254,C049,2023-08-19,P008,2,2588,5.0,4917.2,Processing,Debit Card
O6294,C070,2023-04-25,P015,2,2419,0.0,4838.0,Delivered,PayPal
O7744,C086,2023-03-17,P003,4,2003,15.0,6810.2,Delivered,Credit Card
O5799,C049,2023-07-20,P039,5,2093,0.0,10465.0,Delivered,Debit Card
O1384,C053,2023-01-17,P015,1,2419,15.0,2056.15,Processing,Debit Card
O6959,C080,2023-06-12,P003,2,2003,10.0,3605.4,Processing,PayPal
O3764,C056,2023-09-26,P015,5,2419,10.0,10885.5,Delivered,Debit Card
O1072,C030,2023-08-10,P019,2,687,0.0,1374.0,Delivered,Bank Transfer
O5381,C097,2023-06-20,P026,5,855,0.0,4275.0,Canceled,Bank Transfer
O3350,C089,2023-08-18,P045,5,905,10.0,4072.5,Canceled,Debit Card
O9445,C054,2023-09-10,P032,4,137,5.0,520.6,Processing,Debit Card
O1353,C034,2023-01-05,P006,1,2650,15.0,2252.5,Processing,Debit Card
O6446,C041,2023-02-12,P027,1,2923,5.0,2776.85,Processing,Credit Card
O3075,C020,2023-11-29,P033,2,2042,5.0,3879.8,Processing,Bank Transfer
O3355,C006,2023-02-17,P048,4,2673,0.0,10692.0,Canceled,Bank Transfer
O2000,C036,2023-08-18,P043,4,1996,5.0,7584.8,Canceled,Credit Card
O8733,C031,2023-07-31,P005,3,710,5.0,2023.5,Delivered,Credit Card
O6050,C055,2023-10-23,P033,1,2042,15.0,1735.7,Processing,Credit Card
O6157,C077,2023-12-26,P012,3,2153,0.0,6459.0,Canceled,Debit Card
O4275,C073,2023-10-17,P007,3,2281,5.0,6500.85,Processing,PayPal
O8211,C073,2023-06-08,P038,5,464,0.0,2320.0,Delivered,Credit Card
O5839,C082,2023-11-23,P022,3,1146,10.0,3094.2,Delivered,PayPal
O8704,C086,2023-01-21,P045,4,905,15.0,3077.0,Processing,Debit Card
O9951,C082,2023-03-11,P033,1,2042,0.0,2042.0,Canceled,Debit Card
O8488,C007,2023-02-19,P013,3,1633,0.0,4899.0,Canceled,PayPal
O4226,C084,2023-01-29,P028,3,852,10.0,2300.4,Canceled,Bank Transfer
O6075,C014,2023-12-15,P008,5,2588,15.0,10999.0,Processing,Credit Card
O8678,C091,2023-04-19,P022,5,1146,0.0,5730.0,Processing,Debit Card
O3640,C056,2023-04-16,P049,1,1719,0.0,1719.0,Processing,Debit Card
O6082,C032,2023-10-13,P046,2,1476,5.0,2804.4,Delivered,Bank Transfer
O2315,C027,2023-05-03,P040,1,2007,5.0,1906.65,Canceled,Bank Transfer
O1451,C082,2023-05-10,P015,4,2419,5.0,9192.2,Canceled,Debit Card
O8080,C065,2023-09-14,P006,1,2650,0.0,2650.0,Canceled,Debit Card
O5362,C098,2023-10-10,P032,2,137,10.0,246.6,Canceled,Bank Transfer
O4745,C079,2023-04-25,P040,2,2007,15.0,3411.9,Processing,Debit Card
O5157,C080,2023-02-08,P008,5,2588,5.0,12293.0,Processing,Debit Card
O5232,C014,2023-01-20,P035,5,432,5.0,2052.0,Canceled,Bank Transfer
O7729,C023,2023-10-10,P047,2,2253,5.0,4280.7,Processing,Credit Card
O5054,C013,2023-04-26,P003,2,2003,15.0,3405.1,Canceled,Debit Card
O2630,C002,2023-09-14,P045,4,905,5.0,3439.0,Canceled,Credit Card
O3318,C091,2023-07-09,P027,3,2923,10.0,7892.1,Processing,PayPal
O8752,C040,2023-11-24,P014,4,1317,0.0,5268.0,Processing,PayPal
O3312,C074,2023-07-05,P034,5,933,5.0,4431.75,Delivered,Debit Card
O2048,C048,2023-04-06,P018,5,1254,15.0,5329.5,Canceled,Debit Card
O3631,C033,2023-01-10,P038,3,464,10.0,1252.8,Canceled,PayPal
O6290,C065,2023-08-31,P021,5,2757,10.0,12406.5,Canceled,Credit Card
O1220,C075,2023-11-22,P007,3,2281,15.0,5816.55,Processing,PayPal
O1720,C095,2023-06-14,P043,1,1996,0.0,1996.0,Processing,PayPal
O6296,C096,2023-12-10,P025,4,1869,5.0,7102.2,Delivered,PayPal
O6627,C042,2023-10-12,P002,5,2426,15.0,10310.5,Canceled,Credit Card
O6539,C033,2023-01-28,P025,2,1869,15.0,3177.3,Canceled,Credit Card
O5023,C054,2023-07-09,P004,4,986,0.0,3944.0,Processing,PayPal
O7864,C071,2023-04-01,P001,2,161,5.0,305.9,Canceled,PayPal
O7114,C031,2023-06-03,P017,2,2777,0.0,5554.0,Canceled,Credit Card
O1960,C047,2023-11-19,P038,1,464,5.0,440.8,Delivered,Debit Card
O6254,C021,2023-01-29,P026,5,855,5.0,4061.25,Delivered,Debit Card
O3402,C021,2023-01-23,P036,2,1660,15.0,2822.0,Canceled,Credit Card
O2927,C088,2023-05-18,P004,1,986,15.0,838.1,Processing,PayPal
O4093,C063,2023-09-15,P042,3,492,10.0,1328.4,Processing,Credit Card
O4974,C002,2023-10-11,P016,1,2176,5.0,2067.2,Delivered,Bank Transfer
O6974,C035,2023-01-27,P036,4,1660,10.0,5976.0,Delivered,Debit Card
O7849,C099,2023-04-22,P022,1,1146,10.0,1031.4,Processing,Debit Card
O8527,C055,2023-08-04,P012,2,2153,0.0,4306.0,Delivered,Bank Transfer
O9257,C015,2023-12-03,P013,3,1633,5.0,4654.05,Delivered,Bank Transfer
O7612,C075,2023-01-19,P010,2,290,5.0,551.0,Canceled,Debit Card
O8971,C068,2023-03-10,P004,5,986,15.0,4190.5,Processing,Bank Transfer
O7830,C086,2023-07-26,P048,2,2673,5.0,5078.7,Delivered,Debit Card
O7644,C070,2023-12-14,P011,4,2572,0.0,10288.0,Canceled,Credit Card
O7799,C065,2023-06-14,P035,4,432,5.0,1641.6,Canceled,Credit Card
O4028,C010,2023-03-25,P028,5,852,10.0,3834.0,Delivered,PayPal
O6360,C064,2023-10-30,P003,4,2003,15.0,6810.2,Processing,Credit Card
O3239,C098,2023-07-26,P016,3,2176,0.0,6528.0,Processing,Bank Transfer
O6492,C084,2023-05-20,P021,1,2757,5.0,2619.15,Delivered,Credit Card
O6112,C029,2023-12-12,P019,1,687,10.0,618.3,Delivered,PayPal
O8317,C050,2023-10-25,P014,1,1317,10.0,1185.3,Canceled,Credit Card
O3024,C049,2023-03-07,P035,5,432,15.0,1836.0,Delivered,PayPal
O6920,C093,2023-10-01,P032,1,137,10.0,123.3,Canceled,Debit Card
O5436,C042,2023-09-22,P014,1,1317,5.0,1251.15,Canceled,Debit Card
O4964,C074,2023-02-21,P018,2,1254,15.0,2131.8,Processing,Credit Card
O2830,C028,2023-02-12,P003,5,2003,10.0,9013.5,Canceled,Bank Transfer
O6223,C050,2023-06-13,P039,1,2093,15.0,1779.05,Canceled,Credit Card
O5593,C093,2023-03-03,P023,3,2267,0.0,6801.0,Processing,PayPal
O8241,C033,2023-08-23,P004,5,986,5.0,4683.5,Canceled,PayPal
O3423,C080,2023-06-16,P025,2,1869,15.0,3177.3,Delivered,Credit Card
